"","Ai","n","dgp"
"1",0.206840416666759,500,"continuous"
"2",0.0738879778317764,500,"continuous"
"3",0.070391343461812,500,"continuous"
"4",0.142757348373852,500,"continuous"
"5",0.228035303474904,500,"continuous"
"6",-0.0188444640840374,500,"continuous"
"7",0.0643004553929903,500,"continuous"
"8",0.0379921591095333,500,"continuous"
"9",0.254324807526586,500,"continuous"
"10",0.152085998458161,500,"continuous"
"11",0.0333013124534011,500,"continuous"
"12",0.118775397443219,500,"continuous"
"13",0.0396277993713258,500,"continuous"
"14",0.210026365909304,500,"continuous"
"15",0.0520407477388909,500,"continuous"
"16",-0.0639594889030884,500,"continuous"
"17",0.0328305673814671,500,"continuous"
"18",0.00536796960449951,500,"continuous"
"19",0.0620692697644158,500,"continuous"
"20",-0.0233479589458546,500,"continuous"
"21",0.0314122801344964,500,"continuous"
"22",-0.188285684678222,500,"continuous"
"23",0.00101089541978071,500,"continuous"
"24",0.185764471192605,500,"continuous"
"25",-0.0260037175975251,500,"continuous"
"26",-0.0100822172146825,500,"continuous"
"27",0.180503694087253,500,"continuous"
"28",0.0107031153013754,500,"continuous"
"29",0.0874805715150836,500,"continuous"
"30",0.219911952715827,500,"continuous"
"31",0.148204167110564,500,"continuous"
"32",0.0403730169855098,500,"continuous"
"33",0.102643100143718,500,"continuous"
"34",0.0830147446875289,500,"continuous"
"35",0.109928311755025,500,"continuous"
"36",0.135790979490111,500,"continuous"
"37",0.237757040963421,500,"continuous"
"38",0.0841814552152892,500,"continuous"
"39",0.126141166452784,500,"continuous"
"40",-0.0265250124046693,500,"continuous"
"41",0.0449711949635537,500,"continuous"
"42",0.0412616847078504,500,"continuous"
"43",-0.0165334963610368,500,"continuous"
"44",-0.0270104468772497,500,"continuous"
"45",0.165025588010504,500,"continuous"
"46",-0.0172919666450346,500,"continuous"
"47",0.237162231547661,500,"continuous"
"48",0.139665186193624,500,"continuous"
"49",0.139179096089044,500,"continuous"
"50",0.0809268432121332,500,"continuous"
"51",0.0336145884405025,500,"continuous"
"52",-0.0302984992231136,500,"continuous"
"53",-0.0784834601535851,500,"continuous"
"54",-0.0592460405555874,500,"continuous"
"55",0.0863045517352388,500,"continuous"
"56",0.069902842624712,500,"continuous"
"57",0.185235106752275,500,"continuous"
"58",0.168069120283184,500,"continuous"
"59",0.0375653413169957,500,"continuous"
"60",0.0137740745594689,500,"continuous"
"61",-0.0304656053637324,500,"continuous"
"62",0.134671775337907,500,"continuous"
"63",-0.0338459306441737,500,"continuous"
"64",0.19473604391248,500,"continuous"
"65",0.0372507832876567,500,"continuous"
"66",-0.0605576875896514,500,"continuous"
"67",-0.00373823975832203,500,"continuous"
"68",-0.0987377661610477,500,"continuous"
"69",0.113836681865657,500,"continuous"
"70",0.122463113559996,500,"continuous"
"71",-0.127526548818893,500,"continuous"
"72",0.096529807231905,500,"continuous"
"73",0.0850080497617559,500,"continuous"
"74",0.167955355262618,500,"continuous"
"75",0.240660804359246,500,"continuous"
"76",0.108209305361656,500,"continuous"
"77",-0.0196121559169509,500,"continuous"
"78",0.200106924717742,500,"continuous"
"79",0.154271937060545,500,"continuous"
"80",0.153775399826768,500,"continuous"
"81",0.286049046250735,500,"continuous"
"82",-0.00842650587434123,500,"continuous"
"83",0.169866939770077,500,"continuous"
"84",0.16488392921521,500,"continuous"
"85",0.0590522407795713,500,"continuous"
"86",0.00942718427310054,500,"continuous"
"87",0.0508820743719349,500,"continuous"
"88",0.11551496444618,500,"continuous"
"89",0.0134573041486468,500,"continuous"
"90",0.0600638067653737,500,"continuous"
"91",0.151397671226256,500,"continuous"
"92",-0.129824304087118,500,"continuous"
"93",0.0848222520990616,500,"continuous"
"94",0.038472929212883,500,"continuous"
"95",0.114571354649696,500,"continuous"
"96",0.000352344327978354,500,"continuous"
"97",0.0993783157184865,500,"continuous"
"98",-0.0210062199628847,500,"continuous"
"99",0.0119532419686068,500,"continuous"
"100",0.10717539391404,500,"continuous"
"101",0.199626577248434,500,"continuous"
"102",0.13200640694509,500,"continuous"
"103",0.0953974799073104,500,"continuous"
"104",0.170126709940749,500,"continuous"
"105",0.0216265650593737,500,"continuous"
"106",0.194351847672738,500,"continuous"
"107",0.0113472056047861,500,"continuous"
"108",0.186211254066631,500,"continuous"
"109",0.152900310793498,500,"continuous"
"110",-0.0395642629935106,500,"continuous"
"111",0.110641401466807,500,"continuous"
"112",0.047974984833295,500,"continuous"
"113",-0.00545817906153678,500,"continuous"
"114",0.145135313140918,500,"continuous"
"115",0.0202248177299845,500,"continuous"
"116",0.0259759858326528,500,"continuous"
"117",-0.0101378431780361,500,"continuous"
"118",-0.00601570038183355,500,"continuous"
"119",-0.00708367867070676,500,"continuous"
"120",0.0588525131670869,500,"continuous"
"121",0.0780893185619837,500,"continuous"
"122",0.190240047084993,500,"continuous"
"123",0.0623795669419765,500,"continuous"
"124",0.152431486824274,500,"continuous"
"125",0.0836706889371873,500,"continuous"
"126",-0.0882131791561593,500,"continuous"
"127",0.149984333465463,500,"continuous"
"128",0.0659071879250374,500,"continuous"
"129",0.0428184651109009,500,"continuous"
"130",0.103409403168828,500,"continuous"
"131",0.0969102913867455,500,"continuous"
"132",0.0215159624045421,500,"continuous"
"133",0.251202010344695,500,"continuous"
"134",0.20718401344003,500,"continuous"
"135",0.155759064280027,500,"continuous"
"136",0.121129401271024,500,"continuous"
"137",-0.12190645898425,500,"continuous"
"138",0.219405621353566,500,"continuous"
"139",0.0295639033790778,500,"continuous"
"140",-0.0666509549128881,500,"continuous"
"141",0.216239647879618,500,"continuous"
"142",0.0612040430147899,500,"continuous"
"143",-0.000758396621143531,500,"continuous"
"144",-0.0287226059882003,500,"continuous"
"145",0.141399336398716,500,"continuous"
"146",0.0664799548441768,500,"continuous"
"147",0.0624862249597422,500,"continuous"
"148",0.0840215566462374,500,"continuous"
"149",-0.0752451528794239,500,"continuous"
"150",0.137312860005042,500,"continuous"
"151",0.143939273791868,500,"continuous"
"152",-0.0111639786067691,500,"continuous"
"153",0.127151598493856,500,"continuous"
"154",-0.00173366530780149,500,"continuous"
"155",0.0132304113934722,500,"continuous"
"156",0.0162860535815416,500,"continuous"
"157",-0.0560032182001409,500,"continuous"
"158",0.165387363154608,500,"continuous"
"159",0.0374533026117933,500,"continuous"
"160",0.0133852933322907,500,"continuous"
"161",0.172142003451329,500,"continuous"
"162",0.0038639616106846,500,"continuous"
"163",0.207655327873342,500,"continuous"
"164",0.114224917362118,500,"continuous"
"165",0.0151917806401533,500,"continuous"
"166",-0.0622561513063292,500,"continuous"
"167",0.0648521129424676,500,"continuous"
"168",0.00585937412807866,500,"continuous"
"169",0.169350805569206,500,"continuous"
"170",0.0162407004408676,500,"continuous"
"171",0.00152182452695717,500,"continuous"
"172",0.179018424720336,500,"continuous"
"173",0.0283456321038323,500,"continuous"
"174",0.0703084930765295,500,"continuous"
"175",0.0106234104323146,500,"continuous"
"176",0.0471899983417295,500,"continuous"
"177",0.0701598227448575,500,"continuous"
"178",-0.0157596026599711,500,"continuous"
"179",0.0266159396736524,500,"continuous"
"180",0.130332010727775,500,"continuous"
"181",0.0150261335513241,500,"continuous"
"182",0.0601085323724291,500,"continuous"
"183",-0.0781155828216206,500,"continuous"
"184",0.214657546468155,500,"continuous"
"185",-0.0963041061577392,500,"continuous"
"186",0.108793979332967,500,"continuous"
"187",-0.0355263221416616,500,"continuous"
"188",0.0984767286554363,500,"continuous"
"189",0.0938736340656759,500,"continuous"
"190",0.00806305917247677,500,"continuous"
"191",-0.00399289991991744,500,"continuous"
"192",0.0738811396977148,500,"continuous"
"193",0.0794897209999915,500,"continuous"
"194",-0.00291632384855005,500,"continuous"
"195",0.104237249635411,500,"continuous"
"196",-0.00264591574297583,500,"continuous"
"197",-0.0639687175602273,500,"continuous"
"198",0.151404964294033,500,"continuous"
"199",0.107477571378516,500,"continuous"
"200",0.0134257288856174,500,"continuous"
"201",-0.0262914185445575,1000,"continuous"
"202",0.0131040547813235,1000,"continuous"
"203",0.107003854124775,1000,"continuous"
"204",0.0548835091580423,1000,"continuous"
"205",0.0252947543417349,1000,"continuous"
"206",0.0150048827030966,1000,"continuous"
"207",0.197111064656344,1000,"continuous"
"208",-0.035237891441202,1000,"continuous"
"209",0.0224634184267485,1000,"continuous"
"210",0.120891971311923,1000,"continuous"
"211",0.228734542926137,1000,"continuous"
"212",0.0350031802009421,1000,"continuous"
"213",0.192848311390231,1000,"continuous"
"214",0.0378965467638637,1000,"continuous"
"215",0.0510219630726847,1000,"continuous"
"216",0.077736973411293,1000,"continuous"
"217",0.213009831773284,1000,"continuous"
"218",0.206178287588299,1000,"continuous"
"219",0.00358119328400585,1000,"continuous"
"220",-0.00974336137978076,1000,"continuous"
"221",0.0353675456889067,1000,"continuous"
"222",0.0425979636563092,1000,"continuous"
"223",0.170197320935028,1000,"continuous"
"224",0.160592693336647,1000,"continuous"
"225",0.170837888963211,1000,"continuous"
"226",0.0792106195483959,1000,"continuous"
"227",-0.029627792848046,1000,"continuous"
"228",0.108795401948572,1000,"continuous"
"229",0.292281765139196,1000,"continuous"
"230",0.0770229507571323,1000,"continuous"
"231",-0.0286723522660885,1000,"continuous"
"232",0.272707677804904,1000,"continuous"
"233",0.0139262268331888,1000,"continuous"
"234",0.226267870120951,1000,"continuous"
"235",0.0816910871383235,1000,"continuous"
"236",0.165509245243786,1000,"continuous"
"237",0.17241098883446,1000,"continuous"
"238",-0.0160121157070328,1000,"continuous"
"239",0.010435250729181,1000,"continuous"
"240",0.125004896028622,1000,"continuous"
"241",-0.00181626982011749,1000,"continuous"
"242",0.139961507764328,1000,"continuous"
"243",0.161697153659642,1000,"continuous"
"244",0.12340989338541,1000,"continuous"
"245",0.144442119020059,1000,"continuous"
"246",0.153526560175999,1000,"continuous"
"247",0.260962884612818,1000,"continuous"
"248",-0.017717578065865,1000,"continuous"
"249",0.317289638630745,1000,"continuous"
"250",-0.0481662011833665,1000,"continuous"
"251",0.0488705580878423,1000,"continuous"
"252",0.260611390042314,1000,"continuous"
"253",0.0238367888857304,1000,"continuous"
"254",0.130203453791447,1000,"continuous"
"255",0.103571750221785,1000,"continuous"
"256",0.0714688111384277,1000,"continuous"
"257",0.108256446962653,1000,"continuous"
"258",0.197139704944947,1000,"continuous"
"259",-0.0279283237791067,1000,"continuous"
"260",0.238768598714104,1000,"continuous"
"261",0.197139143718876,1000,"continuous"
"262",0.124117666459567,1000,"continuous"
"263",0.182249549309019,1000,"continuous"
"264",0.207233695929152,1000,"continuous"
"265",0.161887973917135,1000,"continuous"
"266",0.0945413481903997,1000,"continuous"
"267",0.124172593735999,1000,"continuous"
"268",0.167603204084369,1000,"continuous"
"269",0.0162807385706922,1000,"continuous"
"270",0.0144550942426368,1000,"continuous"
"271",0.287302244960083,1000,"continuous"
"272",0.0868754606689369,1000,"continuous"
"273",0.182251685354908,1000,"continuous"
"274",0.264573241912413,1000,"continuous"
"275",0.0190967597073426,1000,"continuous"
"276",0.0567611793383588,1000,"continuous"
"277",0.172677355894874,1000,"continuous"
"278",0.0570706246394601,1000,"continuous"
"279",0.165863437355727,1000,"continuous"
"280",0.0502269791627693,1000,"continuous"
"281",0.0954263609840867,1000,"continuous"
"282",0.275172630624126,1000,"continuous"
"283",-0.0548357632627154,1000,"continuous"
"284",0.272514154317615,1000,"continuous"
"285",0.0642277831776656,1000,"continuous"
"286",0.0524710262763235,1000,"continuous"
"287",0.218880985246049,1000,"continuous"
"288",0.106341041582032,1000,"continuous"
"289",0.032860615761235,1000,"continuous"
"290",-0.00331198365538489,1000,"continuous"
"291",0.251401633521885,1000,"continuous"
"292",0.159509187020064,1000,"continuous"
"293",0.110725541950762,1000,"continuous"
"294",0.180220933559837,1000,"continuous"
"295",0.216113458631057,1000,"continuous"
"296",0.193633878108216,1000,"continuous"
"297",0.219673540817602,1000,"continuous"
"298",0.0176029148366999,1000,"continuous"
"299",0.23346000742691,1000,"continuous"
"300",0.156670641441619,1000,"continuous"
"301",0.214492156786149,1000,"continuous"
"302",0.12356746087388,1000,"continuous"
"303",0.00105483470557477,1000,"continuous"
"304",0.0214659381909991,1000,"continuous"
"305",0.140560551067038,1000,"continuous"
"306",0.103039328194218,1000,"continuous"
"307",0.0550072848681097,1000,"continuous"
"308",0.21742835556692,1000,"continuous"
"309",0.211263427392999,1000,"continuous"
"310",0.130496814644316,1000,"continuous"
"311",0.16502945013079,1000,"continuous"
"312",0.153064665659503,1000,"continuous"
"313",0.203558564092625,1000,"continuous"
"314",0.0519235002250445,1000,"continuous"
"315",0.0435648109225451,1000,"continuous"
"316",0.221325906965181,1000,"continuous"
"317",0.0892966478503747,1000,"continuous"
"318",0.216758604624818,1000,"continuous"
"319",-0.026349141822974,1000,"continuous"
"320",0.289044284071033,1000,"continuous"
"321",0.126884548522603,1000,"continuous"
"322",0.185597500510124,1000,"continuous"
"323",0.172336819578842,1000,"continuous"
"324",0.137891488277432,1000,"continuous"
"325",0.119205620022715,1000,"continuous"
"326",0.221155859197486,1000,"continuous"
"327",0.25569800006592,1000,"continuous"
"328",0.0505731727670369,1000,"continuous"
"329",0.0928889208428439,1000,"continuous"
"330",-0.0335324757746932,1000,"continuous"
"331",0.215884664771279,1000,"continuous"
"332",0.186819500757289,1000,"continuous"
"333",0.077251764891131,1000,"continuous"
"334",0.00619721544338188,1000,"continuous"
"335",0.142539513508777,1000,"continuous"
"336",0.160288087696613,1000,"continuous"
"337",-0.0500507824744817,1000,"continuous"
"338",0.107948651616699,1000,"continuous"
"339",0.185055043092921,1000,"continuous"
"340",0.146859035579027,1000,"continuous"
"341",0.0635448261991219,1000,"continuous"
"342",0.185694532799296,1000,"continuous"
"343",0.124041629281675,1000,"continuous"
"344",0.102005085266677,1000,"continuous"
"345",0.193577919674584,1000,"continuous"
"346",0.103236173372425,1000,"continuous"
"347",0.183101935707396,1000,"continuous"
"348",-0.0115841252908959,1000,"continuous"
"349",0.288859500793206,1000,"continuous"
"350",0.0847234287531806,1000,"continuous"
"351",0.122594871376914,1000,"continuous"
"352",0.240197474700444,1000,"continuous"
"353",0.00663684384144894,1000,"continuous"
"354",0.0671821274982848,1000,"continuous"
"355",0.0944919411742272,1000,"continuous"
"356",0.0273544093234131,1000,"continuous"
"357",0.107237147240741,1000,"continuous"
"358",0.162903164657736,1000,"continuous"
"359",0.076889904629751,1000,"continuous"
"360",0.0147105586683746,1000,"continuous"
"361",0.243667930810196,1000,"continuous"
"362",0.0674964447411697,1000,"continuous"
"363",0.279672300266951,1000,"continuous"
"364",0.136321794983677,1000,"continuous"
"365",0.122736516890016,1000,"continuous"
"366",0.0613359425652997,1000,"continuous"
"367",0.191368942826323,1000,"continuous"
"368",0.0891215646034906,1000,"continuous"
"369",0.216005156504947,1000,"continuous"
"370",0.164772555299791,1000,"continuous"
"371",0.00462489416948325,1000,"continuous"
"372",0.0839384193936821,1000,"continuous"
"373",-0.0117204240762143,1000,"continuous"
"374",0.230654336502691,1000,"continuous"
"375",-0.0293933156347061,1000,"continuous"
"376",0.0882208995819246,1000,"continuous"
"377",0.0336661904935947,1000,"continuous"
"378",0.236310258838972,1000,"continuous"
"379",0.075802478779032,1000,"continuous"
"380",0.143998739352105,1000,"continuous"
"381",0.0430910713144095,1000,"continuous"
"382",0.0816538323114383,1000,"continuous"
"383",0.054318935474115,1000,"continuous"
"384",0.0321077596771246,1000,"continuous"
"385",0.105378252247224,1000,"continuous"
"386",0.0153866353174595,1000,"continuous"
"387",-0.0214303246083096,1000,"continuous"
"388",0.19821162975998,1000,"continuous"
"389",0.0561106723936309,1000,"continuous"
"390",0.0336811041754525,1000,"continuous"
"391",-0.0550011799447037,1000,"continuous"
"392",-0.0149102084419947,1000,"continuous"
"393",0.0875372850410431,1000,"continuous"
"394",0.0271248579309392,1000,"continuous"
"395",0.135900473670772,1000,"continuous"
"396",-0.0696930762876236,1000,"continuous"
"397",0.0577632233496199,1000,"continuous"
"398",0.0742922424034574,1000,"continuous"
"399",0.110421029258824,1000,"continuous"
"400",0.032125038145332,1000,"continuous"
"401",0.296198013780284,2000,"continuous"
"402",0.170424534471931,2000,"continuous"
"403",0.124702584218948,2000,"continuous"
"404",0.170666104159922,2000,"continuous"
"405",0.188650164107927,2000,"continuous"
"406",0.104073998260496,2000,"continuous"
"407",0.242587166971656,2000,"continuous"
"408",0.184494237487945,2000,"continuous"
"409",0.12397679819441,2000,"continuous"
"410",0.231539769627811,2000,"continuous"
"411",0.016220098482126,2000,"continuous"
"412",0.20742600705032,2000,"continuous"
"413",-0.0221707076398744,2000,"continuous"
"414",0.281954151487297,2000,"continuous"
"415",0.141202932621715,2000,"continuous"
"416",0.124826032708517,2000,"continuous"
"417",0.162258566727947,2000,"continuous"
"418",0.0946018455836228,2000,"continuous"
"419",0.169672083477646,2000,"continuous"
"420",0.115460295079848,2000,"continuous"
"421",0.0291840902951084,2000,"continuous"
"422",0.0441145902560743,2000,"continuous"
"423",0.0271051053782091,2000,"continuous"
"424",0.0209881245245485,2000,"continuous"
"425",0.166319925248408,2000,"continuous"
"426",0.193047103673267,2000,"continuous"
"427",0.0988519303602767,2000,"continuous"
"428",0.189903176283985,2000,"continuous"
"429",0.183792737852474,2000,"continuous"
"430",0.13733535600454,2000,"continuous"
"431",0.155283598610628,2000,"continuous"
"432",0.0504328477599691,2000,"continuous"
"433",0.206341956754251,2000,"continuous"
"434",0.269439607454594,2000,"continuous"
"435",0.191719969731858,2000,"continuous"
"436",0.0716392620606328,2000,"continuous"
"437",0.160307355539591,2000,"continuous"
"438",0.269457243127075,2000,"continuous"
"439",0.180414936782004,2000,"continuous"
"440",0.0488400717390603,2000,"continuous"
"441",0.00404957018542361,2000,"continuous"
"442",0.159723053461622,2000,"continuous"
"443",-0.0146197092351928,2000,"continuous"
"444",0.215460480721987,2000,"continuous"
"445",0.251221443943588,2000,"continuous"
"446",0.214838866199113,2000,"continuous"
"447",0.293059689285719,2000,"continuous"
"448",0.126029350351751,2000,"continuous"
"449",0.261050277249719,2000,"continuous"
"450",0.120955567754903,2000,"continuous"
"451",0.178467613946098,2000,"continuous"
"452",0.249060032668424,2000,"continuous"
"453",0.0918099690333884,2000,"continuous"
"454",0.255987810354379,2000,"continuous"
"455",0.0962233262925179,2000,"continuous"
"456",0.174784132601806,2000,"continuous"
"457",0.159112464639672,2000,"continuous"
"458",0.128672463396467,2000,"continuous"
"459",0.198686489853504,2000,"continuous"
"460",0.0743119880477837,2000,"continuous"
"461",0.190437712268692,2000,"continuous"
"462",0.112329930869717,2000,"continuous"
"463",0.132745645251242,2000,"continuous"
"464",0.309448442732049,2000,"continuous"
"465",0.0349427612395353,2000,"continuous"
"466",0.102436080929638,2000,"continuous"
"467",0.315707846909158,2000,"continuous"
"468",0.166903997659098,2000,"continuous"
"469",0.25752926704946,2000,"continuous"
"470",0.182720555586682,2000,"continuous"
"471",0.0951098007533796,2000,"continuous"
"472",0.167199024178627,2000,"continuous"
"473",0.220447889343114,2000,"continuous"
"474",0.268120315263452,2000,"continuous"
"475",0.157005596727284,2000,"continuous"
"476",0.0136576797121611,2000,"continuous"
"477",0.256900652174844,2000,"continuous"
"478",0.133745770137216,2000,"continuous"
"479",0.132443688795266,2000,"continuous"
"480",0.230508736531887,2000,"continuous"
"481",0.132830482473635,2000,"continuous"
"482",0.0452958053973389,2000,"continuous"
"483",0.165095218243437,2000,"continuous"
"484",0.173654965683388,2000,"continuous"
"485",0.143036685771932,2000,"continuous"
"486",0.205171216116963,2000,"continuous"
"487",0.322076426982351,2000,"continuous"
"488",0.186024327509959,2000,"continuous"
"489",0.0266206707209975,2000,"continuous"
"490",0.0957245876666658,2000,"continuous"
"491",0.308162799430856,2000,"continuous"
"492",0.131666099594019,2000,"continuous"
"493",0.0763919134128204,2000,"continuous"
"494",0.204199102212816,2000,"continuous"
"495",0.143037249939691,2000,"continuous"
"496",0.151258352922773,2000,"continuous"
"497",0.149085589299688,2000,"continuous"
"498",0.110108900311438,2000,"continuous"
"499",0.0426379512574205,2000,"continuous"
"500",0.227847174924369,2000,"continuous"
"501",0.117168447712116,2000,"continuous"
"502",0.171227595328558,2000,"continuous"
"503",0.203307054563903,2000,"continuous"
"504",0.0970535855418586,2000,"continuous"
"505",0.0942662372490396,2000,"continuous"
"506",0.184035418758115,2000,"continuous"
"507",0.228596092256088,2000,"continuous"
"508",0.313859091570595,2000,"continuous"
"509",0.0792267482212353,2000,"continuous"
"510",0.260367059467632,2000,"continuous"
"511",0.187064115306459,2000,"continuous"
"512",0.135631365150132,2000,"continuous"
"513",0.13363397056425,2000,"continuous"
"514",0.159287802012669,2000,"continuous"
"515",0.224814922378175,2000,"continuous"
"516",0.0406846366010288,2000,"continuous"
"517",0.255983816734741,2000,"continuous"
"518",0.107074878768543,2000,"continuous"
"519",0.227613318466088,2000,"continuous"
"520",0.186500955156355,2000,"continuous"
"521",0.181245775998621,2000,"continuous"
"522",0.164854891980966,2000,"continuous"
"523",0.260507843211049,2000,"continuous"
"524",0.141996772186248,2000,"continuous"
"525",0.189905328310327,2000,"continuous"
"526",0.231422046785559,2000,"continuous"
"527",0.136762072339525,2000,"continuous"
"528",0.274236874527354,2000,"continuous"
"529",0.131702611663488,2000,"continuous"
"530",0.00501395858011685,2000,"continuous"
"531",0.0788102121468829,2000,"continuous"
"532",0.319131564703779,2000,"continuous"
"533",0.292965393658376,2000,"continuous"
"534",0.234523117668849,2000,"continuous"
"535",0.0633891413126505,2000,"continuous"
"536",0.0132337518017348,2000,"continuous"
"537",0.204150672374455,2000,"continuous"
"538",0.0640476102255002,2000,"continuous"
"539",0.226384657842584,2000,"continuous"
"540",0.194997709158792,2000,"continuous"
"541",0.23822231120949,2000,"continuous"
"542",0.257631574511414,2000,"continuous"
"543",0.103802596154605,2000,"continuous"
"544",0.19454045310814,2000,"continuous"
"545",0.311536586430887,2000,"continuous"
"546",0.144679546823507,2000,"continuous"
"547",0.119811195113493,2000,"continuous"
"548",0.0219125505813486,2000,"continuous"
"549",0.139785246818583,2000,"continuous"
"550",0.0879049472858537,2000,"continuous"
"551",0.316089561019857,2000,"continuous"
"552",0.203275916304098,2000,"continuous"
"553",0.27316263911805,2000,"continuous"
"554",0.141882085914909,2000,"continuous"
"555",0.134441027692442,2000,"continuous"
"556",0.226331355429045,2000,"continuous"
"557",0.2643551012804,2000,"continuous"
"558",0.0728482973115088,2000,"continuous"
"559",0.323851165340819,2000,"continuous"
"560",0.301217621546516,2000,"continuous"
"561",0.0391343973003411,2000,"continuous"
"562",0.047363098704358,2000,"continuous"
"563",0.268170140419102,2000,"continuous"
"564",0.333146685263658,2000,"continuous"
"565",0.240828200866895,2000,"continuous"
"566",0.242234112654518,2000,"continuous"
"567",0.230509547092305,2000,"continuous"
"568",-0.00178060944296946,2000,"continuous"
"569",0.319236629112119,2000,"continuous"
"570",0.108120188549299,2000,"continuous"
"571",0.259015323593223,2000,"continuous"
"572",0.145732082411093,2000,"continuous"
"573",0.163886692969027,2000,"continuous"
"574",0.348982463068528,2000,"continuous"
"575",0.0444035269261179,2000,"continuous"
"576",0.0278534131675354,2000,"continuous"
"577",0.298120907577564,2000,"continuous"
"578",0.222241604309036,2000,"continuous"
"579",-0.0356364373842641,2000,"continuous"
"580",0.270819528464254,2000,"continuous"
"581",-0.0632024406323127,2000,"continuous"
"582",0.198836638340354,2000,"continuous"
"583",0.19590053608968,2000,"continuous"
"584",0.32417081977747,2000,"continuous"
"585",0.160873744565717,2000,"continuous"
"586",0.108553384367609,2000,"continuous"
"587",0.034833847752774,2000,"continuous"
"588",0.185624604729129,2000,"continuous"
"589",0.33007361788862,2000,"continuous"
"590",0.130707837769065,2000,"continuous"
"591",0.195386860705979,2000,"continuous"
"592",0.186548037787571,2000,"continuous"
"593",0.185437421278331,2000,"continuous"
"594",0.207642465476984,2000,"continuous"
"595",0.123248641905651,2000,"continuous"
"596",0.027796799798473,2000,"continuous"
"597",0.196992046275874,2000,"continuous"
"598",0.167864695266445,2000,"continuous"
"599",0.0473944973314028,2000,"continuous"
"600",0.154048214574341,2000,"continuous"
"601",0.167639475516117,4000,"continuous"
"602",0.228835862994985,4000,"continuous"
"603",0.216562641585083,4000,"continuous"
"604",0.227755530974402,4000,"continuous"
"605",0.229020194941834,4000,"continuous"
"606",0.319008562380356,4000,"continuous"
"607",0.172220722382298,4000,"continuous"
"608",0.313255978913443,4000,"continuous"
"609",0.231658169086848,4000,"continuous"
"610",0.191840026738735,4000,"continuous"
"611",0.20026182108599,4000,"continuous"
"612",0.232916322110431,4000,"continuous"
"613",0.32467144580397,4000,"continuous"
"614",0.246672010628719,4000,"continuous"
"615",0.292492412356866,4000,"continuous"
"616",0.209068755682649,4000,"continuous"
"617",0.294715178966016,4000,"continuous"
"618",0.239934135364312,4000,"continuous"
"619",0.266715122216712,4000,"continuous"
"620",0.308330370329167,4000,"continuous"
"621",0.275087121786278,4000,"continuous"
"622",0.178701092300271,4000,"continuous"
"623",0.220071966851712,4000,"continuous"
"624",0.234423474671101,4000,"continuous"
"625",0.282293971606437,4000,"continuous"
"626",0.200840262079395,4000,"continuous"
"627",0.154445948705466,4000,"continuous"
"628",0.187917253692974,4000,"continuous"
"629",0.260457367079063,4000,"continuous"
"630",0.0198050276411198,4000,"continuous"
"631",0.287128065526202,4000,"continuous"
"632",0.0546345030477356,4000,"continuous"
"633",0.313768288753311,4000,"continuous"
"634",0.306677627934186,4000,"continuous"
"635",0.0963398704526611,4000,"continuous"
"636",0.0728659628753028,4000,"continuous"
"637",0.198733606601155,4000,"continuous"
"638",0.222775017155623,4000,"continuous"
"639",0.319721866471907,4000,"continuous"
"640",0.221175260779221,4000,"continuous"
"641",0.166962296925864,4000,"continuous"
"642",0.291564463493423,4000,"continuous"
"643",0.25623692154427,4000,"continuous"
"644",0.161575990776703,4000,"continuous"
"645",0.200320241067304,4000,"continuous"
"646",0.212242909949311,4000,"continuous"
"647",0.263598900617648,4000,"continuous"
"648",0.157033242090353,4000,"continuous"
"649",0.149441511578267,4000,"continuous"
"650",0.179215976844872,4000,"continuous"
"651",0.233942294735386,4000,"continuous"
"652",0.104754918812341,4000,"continuous"
"653",0.188513105033069,4000,"continuous"
"654",0.0824377701454235,4000,"continuous"
"655",0.140000336628292,4000,"continuous"
"656",0.118190657733739,4000,"continuous"
"657",0.174946785561518,4000,"continuous"
"658",0.23662937640575,4000,"continuous"
"659",0.211312025691508,4000,"continuous"
"660",0.332690279345643,4000,"continuous"
"661",0.226288996972896,4000,"continuous"
"662",0.209156727611689,4000,"continuous"
"663",0.191331603387609,4000,"continuous"
"664",0.172831559227052,4000,"continuous"
"665",0.224971787470588,4000,"continuous"
"666",0.213582258600046,4000,"continuous"
"667",0.211942497438713,4000,"continuous"
"668",0.24711618340807,4000,"continuous"
"669",0.137475315818423,4000,"continuous"
"670",0.21584238999653,4000,"continuous"
"671",0.149959641916014,4000,"continuous"
"672",0.155149961347256,4000,"continuous"
"673",0.202410165719782,4000,"continuous"
"674",0.23656260383597,4000,"continuous"
"675",0.105787009869055,4000,"continuous"
"676",0.267387837889726,4000,"continuous"
"677",0.220846170857676,4000,"continuous"
"678",0.297246400770029,4000,"continuous"
"679",0.142776620097279,4000,"continuous"
"680",0.292193266003556,4000,"continuous"
"681",0.240574639158236,4000,"continuous"
"682",0.314238753356428,4000,"continuous"
"683",0.269005838407201,4000,"continuous"
"684",0.213706236395483,4000,"continuous"
"685",0.265333114591898,4000,"continuous"
"686",0.151809403029905,4000,"continuous"
"687",0.224960949519078,4000,"continuous"
"688",0.232586878201548,4000,"continuous"
"689",0.333659229599065,4000,"continuous"
"690",0.166774287606774,4000,"continuous"
"691",0.316018816823729,4000,"continuous"
"692",0.22554083208988,4000,"continuous"
"693",0.130119181378796,4000,"continuous"
"694",0.291194406164139,4000,"continuous"
"695",0.18391009235305,4000,"continuous"
"696",0.24013039153812,4000,"continuous"
"697",0.204389285727094,4000,"continuous"
"698",0.0560521268566417,4000,"continuous"
"699",0.23375489484244,4000,"continuous"
"700",0.300652416111819,4000,"continuous"
"701",0.112782243295436,4000,"continuous"
"702",0.208836048588773,4000,"continuous"
"703",0.156673971957649,4000,"continuous"
"704",0.267062681204572,4000,"continuous"
"705",0.243165008467677,4000,"continuous"
"706",0.245864348876147,4000,"continuous"
"707",0.222643888270444,4000,"continuous"
"708",0.312176519723412,4000,"continuous"
"709",0.284947317899529,4000,"continuous"
"710",0.128751362172001,4000,"continuous"
"711",0.184721859102395,4000,"continuous"
"712",0.240086731420253,4000,"continuous"
"713",0.153173009561064,4000,"continuous"
"714",0.308916336253536,4000,"continuous"
"715",0.33820119655543,4000,"continuous"
"716",0.223344132123464,4000,"continuous"
"717",0.184805394552674,4000,"continuous"
"718",0.288272169465841,4000,"continuous"
"719",0.227313155517624,4000,"continuous"
"720",0.299131185946675,4000,"continuous"
"721",0.308702734501048,4000,"continuous"
"722",0.261525743225458,4000,"continuous"
"723",0.122689480767129,4000,"continuous"
"724",0.130699658718109,4000,"continuous"
"725",0.223201139303935,4000,"continuous"
"726",0.171440500642757,4000,"continuous"
"727",0.0534961597193088,4000,"continuous"
"728",0.249373955196867,4000,"continuous"
"729",0.198534408738314,4000,"continuous"
"730",0.198676544851616,4000,"continuous"
"731",0.120914220578962,4000,"continuous"
"732",0.305649110516677,4000,"continuous"
"733",0.125843264527873,4000,"continuous"
"734",0.282902755678755,4000,"continuous"
"735",0.168326542850924,4000,"continuous"
"736",0.223717078647564,4000,"continuous"
"737",0.211404406134741,4000,"continuous"
"738",0.145059112773408,4000,"continuous"
"739",0.162588463608277,4000,"continuous"
"740",0.307545075681849,4000,"continuous"
"741",0.195943851634719,4000,"continuous"
"742",0.301403691381009,4000,"continuous"
"743",0.325587418323363,4000,"continuous"
"744",0.209940477013188,4000,"continuous"
"745",0.182800880187586,4000,"continuous"
"746",0.172747945508018,4000,"continuous"
"747",0.136078457496891,4000,"continuous"
"748",0.212903993058168,4000,"continuous"
"749",0.147349347615037,4000,"continuous"
"750",0.23083555537355,4000,"continuous"
"751",0.318978273740954,4000,"continuous"
"752",0.155642424892332,4000,"continuous"
"753",0.303604372733749,4000,"continuous"
"754",0.197841240503309,4000,"continuous"
"755",0.184337939953298,4000,"continuous"
"756",0.201180764729252,4000,"continuous"
"757",0.235792356254601,4000,"continuous"
"758",0.307965686358716,4000,"continuous"
"759",0.181193674441915,4000,"continuous"
"760",0.315348773385734,4000,"continuous"
"761",0.163284435218687,4000,"continuous"
"762",0.122662721042782,4000,"continuous"
"763",0.134180744611656,4000,"continuous"
"764",0.257919571473186,4000,"continuous"
"765",0.312774317175338,4000,"continuous"
"766",0.308567041429472,4000,"continuous"
"767",0.160792110224043,4000,"continuous"
"768",0.320111904000605,4000,"continuous"
"769",0.305325471686377,4000,"continuous"
"770",0.0795702620699234,4000,"continuous"
"771",0.16643802648024,4000,"continuous"
"772",0.217067619514277,4000,"continuous"
"773",0.209296102640898,4000,"continuous"
"774",0.308367179297913,4000,"continuous"
"775",0.316378871902878,4000,"continuous"
"776",0.193047551499275,4000,"continuous"
"777",0.232094596678812,4000,"continuous"
"778",0.331164823811501,4000,"continuous"
"779",0.278724714828813,4000,"continuous"
"780",0.179013263912858,4000,"continuous"
"781",0.237515943352373,4000,"continuous"
"782",0.317705029338708,4000,"continuous"
"783",0.30282901644681,4000,"continuous"
"784",0.328891189951643,4000,"continuous"
"785",0.308012165020537,4000,"continuous"
"786",0.179548467106736,4000,"continuous"
"787",0.210075166446616,4000,"continuous"
"788",0.174817929988843,4000,"continuous"
"789",0.181397765503955,4000,"continuous"
"790",0.149921532494214,4000,"continuous"
"791",0.284805403993699,4000,"continuous"
"792",0.265585584513723,4000,"continuous"
"793",0.126348207441923,4000,"continuous"
"794",0.232333899304388,4000,"continuous"
"795",0.332389064938342,4000,"continuous"
"796",0.206518577286221,4000,"continuous"
"797",0.250934414111336,4000,"continuous"
"798",0.252819407308726,4000,"continuous"
"799",0.231590987741767,4000,"continuous"
"800",0.170483771347819,4000,"continuous"
"801",0.208803135179427,8000,"continuous"
"802",0.313013161594385,8000,"continuous"
"803",0.293638640259983,8000,"continuous"
"804",0.177927792445187,8000,"continuous"
"805",0.320049773147997,8000,"continuous"
"806",0.227803836105889,8000,"continuous"
"807",0.283360365347913,8000,"continuous"
"808",0.243356684954615,8000,"continuous"
"809",0.317460383580538,8000,"continuous"
"810",0.241245249321596,8000,"continuous"
"811",0.322505401420768,8000,"continuous"
"812",0.320657475734803,8000,"continuous"
"813",0.336973503920373,8000,"continuous"
"814",0.316766078485284,8000,"continuous"
"815",0.305662344623022,8000,"continuous"
"816",0.277603024256687,8000,"continuous"
"817",0.329244357884987,8000,"continuous"
"818",0.234978520282792,8000,"continuous"
"819",0.325352742225647,8000,"continuous"
"820",0.283330914203968,8000,"continuous"
"821",0.22375441129823,8000,"continuous"
"822",0.256366692416788,8000,"continuous"
"823",0.205936220414364,8000,"continuous"
"824",0.230797001548664,8000,"continuous"
"825",0.260736004157828,8000,"continuous"
"826",0.274145059371736,8000,"continuous"
"827",0.329827293812164,8000,"continuous"
"828",0.290520619858698,8000,"continuous"
"829",0.250010314698439,8000,"continuous"
"830",0.304076404249369,8000,"continuous"
"831",0.285156471736759,8000,"continuous"
"832",0.323753410967004,8000,"continuous"
"833",0.184445485239497,8000,"continuous"
"834",0.33432986357274,8000,"continuous"
"835",0.243003939746374,8000,"continuous"
"836",0.236447706214315,8000,"continuous"
"837",0.300087042915992,8000,"continuous"
"838",0.330509444026336,8000,"continuous"
"839",0.30679162282113,8000,"continuous"
"840",0.209187798281977,8000,"continuous"
"841",0.177462974331724,8000,"continuous"
"842",0.226603549291808,8000,"continuous"
"843",0.293071631665274,8000,"continuous"
"844",0.334823817727705,8000,"continuous"
"845",0.318770552581834,8000,"continuous"
"846",0.265144064246715,8000,"continuous"
"847",0.27451421124204,8000,"continuous"
"848",0.292438591068061,8000,"continuous"
"849",0.318929451734257,8000,"continuous"
"850",0.27466447878711,8000,"continuous"
"851",0.328586156138137,8000,"continuous"
"852",0.321397669425116,8000,"continuous"
"853",0.260918291629208,8000,"continuous"
"854",0.27833137614902,8000,"continuous"
"855",0.220684851575022,8000,"continuous"
"856",0.308428594215836,8000,"continuous"
"857",0.278898517912211,8000,"continuous"
"858",0.330867689915813,8000,"continuous"
"859",0.318943054357897,8000,"continuous"
"860",0.323169413758749,8000,"continuous"
"861",0.341866539709083,8000,"continuous"
"862",0.304140097035406,8000,"continuous"
"863",0.311489537739232,8000,"continuous"
"864",0.324655931657835,8000,"continuous"
"865",0.299676100954775,8000,"continuous"
"866",0.325193593091197,8000,"continuous"
"867",0.243678376998343,8000,"continuous"
"868",0.250274370775059,8000,"continuous"
"869",0.301112148657357,8000,"continuous"
"870",0.30692898821304,8000,"continuous"
"871",0.283782031638026,8000,"continuous"
"872",0.182307882393367,8000,"continuous"
"873",0.229582677182831,8000,"continuous"
"874",0.321670114242466,8000,"continuous"
"875",0.225717517284976,8000,"continuous"
"876",0.251246881262561,8000,"continuous"
"877",0.187139398976594,8000,"continuous"
"878",0.28145062207732,8000,"continuous"
"879",0.249692588087906,8000,"continuous"
"880",0.215533419040564,8000,"continuous"
"881",0.290919942875108,8000,"continuous"
"882",0.230465672016413,8000,"continuous"
"883",0.319754762615177,8000,"continuous"
"884",0.320763946696768,8000,"continuous"
"885",0.329842063922063,8000,"continuous"
"886",0.335571815313712,8000,"continuous"
"887",0.334676958281124,8000,"continuous"
"888",0.30629917816652,8000,"continuous"
"889",0.301599227629043,8000,"continuous"
"890",0.269736900766365,8000,"continuous"
"891",0.341398842977746,8000,"continuous"
"892",0.318760254116784,8000,"continuous"
"893",0.24681346663943,8000,"continuous"
"894",0.217032141350705,8000,"continuous"
"895",0.21102482473017,8000,"continuous"
"896",0.252940403032408,8000,"continuous"
"897",0.19609511031537,8000,"continuous"
"898",0.326410921561251,8000,"continuous"
"899",0.311746594263194,8000,"continuous"
"900",0.245735720746713,8000,"continuous"
"901",0.336543013466702,8000,"continuous"
"902",0.332031557726975,8000,"continuous"
"903",0.317495449687529,8000,"continuous"
"904",0.338404396955078,8000,"continuous"
"905",0.283892414038545,8000,"continuous"
"906",0.329937307683079,8000,"continuous"
"907",0.180485315866324,8000,"continuous"
"908",0.249599524547311,8000,"continuous"
"909",0.308186863982881,8000,"continuous"
"910",0.181234913836771,8000,"continuous"
"911",0.327064217970754,8000,"continuous"
"912",0.322485918503642,8000,"continuous"
"913",0.335641976035064,8000,"continuous"
"914",0.155974328257382,8000,"continuous"
"915",0.334901914762115,8000,"continuous"
"916",0.133574519590966,8000,"continuous"
"917",0.230203375662967,8000,"continuous"
"918",0.267498337121393,8000,"continuous"
"919",0.174525786062848,8000,"continuous"
"920",0.30848983161665,8000,"continuous"
"921",0.336853602758019,8000,"continuous"
"922",0.219888824948028,8000,"continuous"
"923",0.239106377943493,8000,"continuous"
"924",0.334266193827681,8000,"continuous"
"925",0.336715621348337,8000,"continuous"
"926",0.203706804220398,8000,"continuous"
"927",0.201860699447599,8000,"continuous"
"928",0.309390434672133,8000,"continuous"
"929",0.276885782271168,8000,"continuous"
"930",0.301735730254792,8000,"continuous"
"931",0.202238500855418,8000,"continuous"
"932",0.292090739913261,8000,"continuous"
"933",0.199501031456766,8000,"continuous"
"934",0.333016160684812,8000,"continuous"
"935",0.218323354278261,8000,"continuous"
"936",0.21981966515134,8000,"continuous"
"937",0.305228299634335,8000,"continuous"
"938",0.326077998150994,8000,"continuous"
"939",0.248238932509315,8000,"continuous"
"940",0.323061184137824,8000,"continuous"
"941",0.302806354691883,8000,"continuous"
"942",0.327632002137261,8000,"continuous"
"943",0.314685196331237,8000,"continuous"
"944",0.329722952194225,8000,"continuous"
"945",0.315207090897594,8000,"continuous"
"946",0.30494304925895,8000,"continuous"
"947",0.298626119069997,8000,"continuous"
"948",0.252559666378691,8000,"continuous"
"949",0.260906555036659,8000,"continuous"
"950",0.323396594437798,8000,"continuous"
"951",0.283533595335693,8000,"continuous"
"952",0.292864255968465,8000,"continuous"
"953",0.326951312527509,8000,"continuous"
"954",0.326697921008332,8000,"continuous"
"955",0.289710368652311,8000,"continuous"
"956",0.314156598304912,8000,"continuous"
"957",0.276219482179659,8000,"continuous"
"958",0.333922457649073,8000,"continuous"
"959",0.303845830781199,8000,"continuous"
"960",0.15825749871852,8000,"continuous"
"961",0.266514805107655,8000,"continuous"
"962",0.243623793585422,8000,"continuous"
"963",0.246196648952302,8000,"continuous"
"964",0.296430985219273,8000,"continuous"
"965",0.321770954937944,8000,"continuous"
"966",0.324208639042884,8000,"continuous"
"967",0.271988112865291,8000,"continuous"
"968",0.210750449138593,8000,"continuous"
"969",0.228173854521306,8000,"continuous"
"970",0.252920976869749,8000,"continuous"
"971",0.204560477211519,8000,"continuous"
"972",0.295222526354927,8000,"continuous"
"973",0.208208957504066,8000,"continuous"
"974",0.314150339338843,8000,"continuous"
"975",0.297463051435861,8000,"continuous"
"976",0.340188711747189,8000,"continuous"
"977",0.334716306887883,8000,"continuous"
"978",0.300170606232648,8000,"continuous"
"979",0.313715315619064,8000,"continuous"
"980",0.318061149369695,8000,"continuous"
"981",0.260996402440835,8000,"continuous"
"982",0.271188212048122,8000,"continuous"
"983",0.1982326043186,8000,"continuous"
"984",0.337523022318958,8000,"continuous"
"985",0.305903094084864,8000,"continuous"
"986",0.335281826724726,8000,"continuous"
"987",0.30770356947869,8000,"continuous"
"988",0.210485402580909,8000,"continuous"
"989",0.337013371668401,8000,"continuous"
"990",0.238331832286516,8000,"continuous"
"991",0.214819898949909,8000,"continuous"
"992",0.335267077089521,8000,"continuous"
"993",0.32917470495856,8000,"continuous"
"994",0.224686741237324,8000,"continuous"
"995",0.235557439764577,8000,"continuous"
"996",0.195970960495294,8000,"continuous"
"997",0.322234335654982,8000,"continuous"
"998",0.184222212824528,8000,"continuous"
"999",0.242429669447073,8000,"continuous"
"1000",0.328086992943711,8000,"continuous"
"1001",0.314837957356889,16000,"continuous"
"1002",0.24025721055583,16000,"continuous"
"1003",0.324129555307807,16000,"continuous"
"1004",0.313640460867632,16000,"continuous"
"1005",0.332216201466351,16000,"continuous"
"1006",0.343994699505766,16000,"continuous"
"1007",0.331247924540613,16000,"continuous"
"1008",0.299133327276407,16000,"continuous"
"1009",0.328676601712606,16000,"continuous"
"1010",0.336399345022477,16000,"continuous"
"1011",0.325416536556118,16000,"continuous"
"1012",0.311490022749718,16000,"continuous"
"1013",0.344749579902404,16000,"continuous"
"1014",0.324550689022774,16000,"continuous"
"1015",0.31331893261943,16000,"continuous"
"1016",0.279452654992076,16000,"continuous"
"1017",0.202005178063538,16000,"continuous"
"1018",0.316361687123451,16000,"continuous"
"1019",0.309725030869762,16000,"continuous"
"1020",0.297400245731598,16000,"continuous"
"1021",0.339306851901435,16000,"continuous"
"1022",0.31891599506938,16000,"continuous"
"1023",0.26122896554793,16000,"continuous"
"1024",0.229397194147561,16000,"continuous"
"1025",0.341384840318071,16000,"continuous"
"1026",0.233412670385111,16000,"continuous"
"1027",0.325640854136619,16000,"continuous"
"1028",0.288194755346109,16000,"continuous"
"1029",0.309398977839063,16000,"continuous"
"1030",0.292529169318263,16000,"continuous"
"1031",0.329441402038414,16000,"continuous"
"1032",0.337179230932829,16000,"continuous"
"1033",0.340910338352278,16000,"continuous"
"1034",0.307978202507909,16000,"continuous"
"1035",0.343482546931831,16000,"continuous"
"1036",0.333950856059371,16000,"continuous"
"1037",0.254759555821157,16000,"continuous"
"1038",0.341934155849869,16000,"continuous"
"1039",0.316028485117157,16000,"continuous"
"1040",0.343439843051733,16000,"continuous"
"1041",0.330730311814305,16000,"continuous"
"1042",0.330588751335011,16000,"continuous"
"1043",0.255274223514131,16000,"continuous"
"1044",0.255957578789004,16000,"continuous"
"1045",0.256972957558116,16000,"continuous"
"1046",0.294978023505919,16000,"continuous"
"1047",0.310880943607859,16000,"continuous"
"1048",0.259066237926147,16000,"continuous"
"1049",0.208968777786594,16000,"continuous"
"1050",0.320828583187845,16000,"continuous"
"1051",0.323579730150829,16000,"continuous"
"1052",0.304656595887836,16000,"continuous"
"1053",0.33379746106769,16000,"continuous"
"1054",0.346153787068086,16000,"continuous"
"1055",0.326312127576942,16000,"continuous"
"1056",0.332734874397455,16000,"continuous"
"1057",0.269172646926744,16000,"continuous"
"1058",0.284723204600918,16000,"continuous"
"1059",0.301591820348385,16000,"continuous"
"1060",0.327841723088206,16000,"continuous"
"1061",0.308810800721864,16000,"continuous"
"1062",0.339990277126596,16000,"continuous"
"1063",0.329207339266524,16000,"continuous"
"1064",0.190355187982185,16000,"continuous"
"1065",0.288902028410618,16000,"continuous"
"1066",0.30028463076542,16000,"continuous"
"1067",0.311593986291796,16000,"continuous"
"1068",0.28744951509995,16000,"continuous"
"1069",0.343321723043509,16000,"continuous"
"1070",0.309299787690297,16000,"continuous"
"1071",0.324841618027414,16000,"continuous"
"1072",0.305546032550064,16000,"continuous"
"1073",0.339786581596474,16000,"continuous"
"1074",0.336825200621032,16000,"continuous"
"1075",0.319913333312569,16000,"continuous"
"1076",0.32959490228818,16000,"continuous"
"1077",0.33549963668829,16000,"continuous"
"1078",0.314501749136005,16000,"continuous"
"1079",0.334113086629156,16000,"continuous"
"1080",0.333323475284716,16000,"continuous"
"1081",0.309999652229534,16000,"continuous"
"1082",0.296637763846655,16000,"continuous"
"1083",0.300413607815413,16000,"continuous"
"1084",0.330831957511525,16000,"continuous"
"1085",0.334906800303674,16000,"continuous"
"1086",0.317755486285877,16000,"continuous"
"1087",0.339350138841228,16000,"continuous"
"1088",0.336203636941684,16000,"continuous"
"1089",0.324685552408477,16000,"continuous"
"1090",0.328879665967769,16000,"continuous"
"1091",0.287430132271873,16000,"continuous"
"1092",0.325186864489518,16000,"continuous"
"1093",0.325986430208861,16000,"continuous"
"1094",0.317657080386067,16000,"continuous"
"1095",0.313701277466221,16000,"continuous"
"1096",0.292921397883889,16000,"continuous"
"1097",0.321266419561675,16000,"continuous"
"1098",0.317203944184849,16000,"continuous"
"1099",0.293256089469906,16000,"continuous"
"1100",0.336915708440235,16000,"continuous"
"1101",0.334129917830928,16000,"continuous"
"1102",0.340311664935223,16000,"continuous"
"1103",0.335609515136378,16000,"continuous"
"1104",0.322655148402526,16000,"continuous"
"1105",0.310030808455085,16000,"continuous"
"1106",0.301650186778451,16000,"continuous"
"1107",0.321238954786635,16000,"continuous"
"1108",0.332903373787773,16000,"continuous"
"1109",0.326506333836814,16000,"continuous"
"1110",0.337528661106752,16000,"continuous"
"1111",0.288710288718454,16000,"continuous"
"1112",0.241180967387725,16000,"continuous"
"1113",0.341499086093402,16000,"continuous"
"1114",0.316780023431853,16000,"continuous"
"1115",0.319954796765023,16000,"continuous"
"1116",0.307200751840816,16000,"continuous"
"1117",0.260618567607778,16000,"continuous"
"1118",0.328981944156893,16000,"continuous"
"1119",0.217871859414808,16000,"continuous"
"1120",0.327848333043899,16000,"continuous"
"1121",0.340361246154414,16000,"continuous"
"1122",0.332320411283937,16000,"continuous"
"1123",0.34312262328646,16000,"continuous"
"1124",0.315953171288047,16000,"continuous"
"1125",0.294936590879557,16000,"continuous"
"1126",0.339232645833609,16000,"continuous"
"1127",0.312895279892539,16000,"continuous"
"1128",0.342329569669911,16000,"continuous"
"1129",0.235544201897467,16000,"continuous"
"1130",0.313465568530103,16000,"continuous"
"1131",0.268625793159985,16000,"continuous"
"1132",0.317520629377614,16000,"continuous"
"1133",0.335680325299667,16000,"continuous"
"1134",0.327388599824146,16000,"continuous"
"1135",0.290870349601875,16000,"continuous"
"1136",0.292179798438877,16000,"continuous"
"1137",0.324366555368985,16000,"continuous"
"1138",0.305121336116514,16000,"continuous"
"1139",0.290128246885781,16000,"continuous"
"1140",0.308529451051207,16000,"continuous"
"1141",0.343104921263894,16000,"continuous"
"1142",0.260440492227482,16000,"continuous"
"1143",0.214016381094212,16000,"continuous"
"1144",0.322806972490081,16000,"continuous"
"1145",0.316102303024641,16000,"continuous"
"1146",0.345077243700217,16000,"continuous"
"1147",0.305975468278376,16000,"continuous"
"1148",0.296576522361845,16000,"continuous"
"1149",0.320710145625368,16000,"continuous"
"1150",0.315284288478879,16000,"continuous"
"1151",0.328491844866324,16000,"continuous"
"1152",0.289321524079393,16000,"continuous"
"1153",0.239378680450392,16000,"continuous"
"1154",0.32810506615439,16000,"continuous"
"1155",0.245407189196572,16000,"continuous"
"1156",0.332903353267291,16000,"continuous"
"1157",0.330748673591146,16000,"continuous"
"1158",0.321055774151644,16000,"continuous"
"1159",0.332792190323772,16000,"continuous"
"1160",0.316357840184356,16000,"continuous"
"1161",0.342930528687494,16000,"continuous"
"1162",0.337946177721133,16000,"continuous"
"1163",0.322225027699627,16000,"continuous"
"1164",0.32591276330804,16000,"continuous"
"1165",0.324695526814785,16000,"continuous"
"1166",0.245005972148802,16000,"continuous"
"1167",0.326174555994295,16000,"continuous"
"1168",0.312307057495548,16000,"continuous"
"1169",0.303990114996009,16000,"continuous"
"1170",0.308935182113486,16000,"continuous"
"1171",0.331929546944739,16000,"continuous"
"1172",0.310228417572101,16000,"continuous"
"1173",0.207576356782142,16000,"continuous"
"1174",0.322618307370998,16000,"continuous"
"1175",0.322234955573532,16000,"continuous"
"1176",0.318274925643604,16000,"continuous"
"1177",0.315252743207453,16000,"continuous"
"1178",0.341504787847628,16000,"continuous"
"1179",0.284202177989975,16000,"continuous"
"1180",0.244366847255831,16000,"continuous"
"1181",0.310979949577294,16000,"continuous"
"1182",0.298549869541201,16000,"continuous"
"1183",0.338364176117413,16000,"continuous"
"1184",0.342383287899382,16000,"continuous"
"1185",0.342873225731181,16000,"continuous"
"1186",0.286099383232675,16000,"continuous"
"1187",0.315465876420242,16000,"continuous"
"1188",0.327692194447203,16000,"continuous"
"1189",0.326187592965833,16000,"continuous"
"1190",0.323388969537251,16000,"continuous"
"1191",0.242182153646355,16000,"continuous"
"1192",0.32861847853333,16000,"continuous"
"1193",0.264589749008155,16000,"continuous"
"1194",0.254171351549635,16000,"continuous"
"1195",0.343494535117219,16000,"continuous"
"1196",0.325958035493519,16000,"continuous"
"1197",0.329004598906455,16000,"continuous"
"1198",0.313523529498953,16000,"continuous"
"1199",0.326466055981739,16000,"continuous"
"1200",0.282492777915939,16000,"continuous"
"1201",-0.016,500,"jump"
"1202",0.004,500,"jump"
"1203",0.264,500,"jump"
"1204",-0.014,500,"jump"
"1205",-0.012,500,"jump"
"1206",-0.04,500,"jump"
"1207",-0.01,500,"jump"
"1208",-0.014,500,"jump"
"1209",0.468,500,"jump"
"1210",0.046,500,"jump"
"1211",0.338,500,"jump"
"1212",0.014,500,"jump"
"1213",0.016,500,"jump"
"1214",-0.076,500,"jump"
"1215",0.134,500,"jump"
"1216",0.004,500,"jump"
"1217",-0.01,500,"jump"
"1218",-0.006,500,"jump"
"1219",-0.004,500,"jump"
"1220",0.012,500,"jump"
"1221",-0.008,500,"jump"
"1222",0.162,500,"jump"
"1223",-0.006,500,"jump"
"1224",0.016,500,"jump"
"1225",0.018,500,"jump"
"1226",-0.034,500,"jump"
"1227",0.184,500,"jump"
"1228",-0.004,500,"jump"
"1229",-0.002,500,"jump"
"1230",0.012,500,"jump"
"1231",0.162,500,"jump"
"1232",0.03,500,"jump"
"1233",0.02,500,"jump"
"1234",0.052,500,"jump"
"1235",-0.002,500,"jump"
"1236",0.006,500,"jump"
"1237",-0.016,500,"jump"
"1238",-0.006,500,"jump"
"1239",-0.038,500,"jump"
"1240",0.008,500,"jump"
"1241",-0.014,500,"jump"
"1242",-0.022,500,"jump"
"1243",0.004,500,"jump"
"1244",0.272,500,"jump"
"1245",-0.022,500,"jump"
"1246",0.02,500,"jump"
"1247",-0.034,500,"jump"
"1248",-0.014,500,"jump"
"1249",0.306,500,"jump"
"1250",0.028,500,"jump"
"1251",0.018,500,"jump"
"1252",0.018,500,"jump"
"1253",0.016,500,"jump"
"1254",0.164,500,"jump"
"1255",-0.002,500,"jump"
"1256",-0.018,500,"jump"
"1257",0.02,500,"jump"
"1258",0.004,500,"jump"
"1259",-0.04,500,"jump"
"1260",0.022,500,"jump"
"1261",-0.032,500,"jump"
"1262",-0.012,500,"jump"
"1263",0.18,500,"jump"
"1264",0.194,500,"jump"
"1265",0.014,500,"jump"
"1266",0.01,500,"jump"
"1267",0.024,500,"jump"
"1268",0.246,500,"jump"
"1269",-0.012,500,"jump"
"1270",0.006,500,"jump"
"1271",0.002,500,"jump"
"1272",0.016,500,"jump"
"1273",0.018,500,"jump"
"1274",-0.026,500,"jump"
"1275",-0.054,500,"jump"
"1276",-0.056,500,"jump"
"1277",-0.026,500,"jump"
"1278",0.004,500,"jump"
"1279",-0.012,500,"jump"
"1280",0.146,500,"jump"
"1281",-0.008,500,"jump"
"1282",-0.026,500,"jump"
"1283",0.008,500,"jump"
"1284",0.014,500,"jump"
"1285",0.46,500,"jump"
"1286",-0.016,500,"jump"
"1287",0.008,500,"jump"
"1288",0.14,500,"jump"
"1289",0.01,500,"jump"
"1290",0.022,500,"jump"
"1291",-0.022,500,"jump"
"1292",0.026,500,"jump"
"1293",0,500,"jump"
"1294",0.002,500,"jump"
"1295",-0.03,500,"jump"
"1296",0.006,500,"jump"
"1297",0.01,500,"jump"
"1298",0,500,"jump"
"1299",0.02,500,"jump"
"1300",0.22,500,"jump"
"1301",0.012,500,"jump"
"1302",-0.026,500,"jump"
"1303",0.008,500,"jump"
"1304",0.018,500,"jump"
"1305",-0.026,500,"jump"
"1306",0.018,500,"jump"
"1307",-0.038,500,"jump"
"1308",0.014,500,"jump"
"1309",0.224,500,"jump"
"1310",0.008,500,"jump"
"1311",-0.014,500,"jump"
"1312",-0.032,500,"jump"
"1313",0.14,500,"jump"
"1314",-0.03,500,"jump"
"1315",0.004,500,"jump"
"1316",0.152,500,"jump"
"1317",0.026,500,"jump"
"1318",0,500,"jump"
"1319",-0.014,500,"jump"
"1320",0.02,500,"jump"
"1321",-0.004,500,"jump"
"1322",0.004,500,"jump"
"1323",-0.032,500,"jump"
"1324",0.124,500,"jump"
"1325",0.218,500,"jump"
"1326",0.042,500,"jump"
"1327",0.302,500,"jump"
"1328",0.392,500,"jump"
"1329",-0.01,500,"jump"
"1330",-0.014,500,"jump"
"1331",-0.014,500,"jump"
"1332",0.164,500,"jump"
"1333",0.01,500,"jump"
"1334",0.048,500,"jump"
"1335",-0.012,500,"jump"
"1336",-0.002,500,"jump"
"1337",0.258,500,"jump"
"1338",-0.038,500,"jump"
"1339",0,500,"jump"
"1340",-0.048,500,"jump"
"1341",0.16,500,"jump"
"1342",0.01,500,"jump"
"1343",-0.01,500,"jump"
"1344",-0.006,500,"jump"
"1345",0.012,500,"jump"
"1346",0.212,500,"jump"
"1347",0.026,500,"jump"
"1348",0.418,500,"jump"
"1349",0.014,500,"jump"
"1350",0.008,500,"jump"
"1351",-0.022,500,"jump"
"1352",-0.05,500,"jump"
"1353",0.046,500,"jump"
"1354",0.25,500,"jump"
"1355",-0.034,500,"jump"
"1356",0.03,500,"jump"
"1357",0.012,500,"jump"
"1358",0.028,500,"jump"
"1359",0.01,500,"jump"
"1360",-0.036,500,"jump"
"1361",-0.026,500,"jump"
"1362",0.006,500,"jump"
"1363",0.008,500,"jump"
"1364",0.296,500,"jump"
"1365",-0.026,500,"jump"
"1366",-0.04,500,"jump"
"1367",-0.046,500,"jump"
"1368",0.012,500,"jump"
"1369",-0.012,500,"jump"
"1370",0.05,500,"jump"
"1371",-0.042,500,"jump"
"1372",0.224,500,"jump"
"1373",-0.01,500,"jump"
"1374",-0.04,500,"jump"
"1375",0.01,500,"jump"
"1376",0.006,500,"jump"
"1377",0.034,500,"jump"
"1378",0,500,"jump"
"1379",-0.02,500,"jump"
"1380",0.004,500,"jump"
"1381",0.012,500,"jump"
"1382",-0.008,500,"jump"
"1383",0.45,500,"jump"
"1384",0.03,500,"jump"
"1385",0.004,500,"jump"
"1386",0,500,"jump"
"1387",0.186,500,"jump"
"1388",-0.024,500,"jump"
"1389",0.014,500,"jump"
"1390",0.022,500,"jump"
"1391",-0.026,500,"jump"
"1392",-0.01,500,"jump"
"1393",0.034,500,"jump"
"1394",0.026,500,"jump"
"1395",0.012,500,"jump"
"1396",-0.006,500,"jump"
"1397",0.374,500,"jump"
"1398",-0.02,500,"jump"
"1399",-0.008,500,"jump"
"1400",0,500,"jump"
"1401",0.005,1000,"jump"
"1402",0.386,1000,"jump"
"1403",-0.005,1000,"jump"
"1404",-0.018,1000,"jump"
"1405",0.165,1000,"jump"
"1406",0.185,1000,"jump"
"1407",0.012,1000,"jump"
"1408",0.006,1000,"jump"
"1409",-0.003,1000,"jump"
"1410",-0.014,1000,"jump"
"1411",0.299,1000,"jump"
"1412",0.237,1000,"jump"
"1413",0.026,1000,"jump"
"1414",0.386,1000,"jump"
"1415",0.17,1000,"jump"
"1416",0.017,1000,"jump"
"1417",0.014,1000,"jump"
"1418",0.19,1000,"jump"
"1419",0.045,1000,"jump"
"1420",0.267,1000,"jump"
"1421",0.006,1000,"jump"
"1422",0.008,1000,"jump"
"1423",-0.011,1000,"jump"
"1424",-0.02,1000,"jump"
"1425",0.186,1000,"jump"
"1426",-0.015,1000,"jump"
"1427",-0.016,1000,"jump"
"1428",0.488,1000,"jump"
"1429",-0.017,1000,"jump"
"1430",-0.02,1000,"jump"
"1431",-0.01,1000,"jump"
"1432",0.005,1000,"jump"
"1433",-0.002,1000,"jump"
"1434",0.024,1000,"jump"
"1435",0.254,1000,"jump"
"1436",0.17,1000,"jump"
"1437",-0.008,1000,"jump"
"1438",0.034,1000,"jump"
"1439",-0.017,1000,"jump"
"1440",0.013,1000,"jump"
"1441",0.19,1000,"jump"
"1442",0.203,1000,"jump"
"1443",0.007,1000,"jump"
"1444",0.351,1000,"jump"
"1445",0.011,1000,"jump"
"1446",-0.033,1000,"jump"
"1447",0.004,1000,"jump"
"1448",-0.009,1000,"jump"
"1449",0.205,1000,"jump"
"1450",0.039,1000,"jump"
"1451",0.017,1000,"jump"
"1452",0.419,1000,"jump"
"1453",0.194,1000,"jump"
"1454",0.424,1000,"jump"
"1455",0.007,1000,"jump"
"1456",0.116,1000,"jump"
"1457",0,1000,"jump"
"1458",-0.003,1000,"jump"
"1459",0.007,1000,"jump"
"1460",-0.025,1000,"jump"
"1461",0.012,1000,"jump"
"1462",-0.008,1000,"jump"
"1463",0.001,1000,"jump"
"1464",0.013,1000,"jump"
"1465",0.01,1000,"jump"
"1466",0.187,1000,"jump"
"1467",0.216,1000,"jump"
"1468",0.431,1000,"jump"
"1469",0.002,1000,"jump"
"1470",0.006,1000,"jump"
"1471",0.442,1000,"jump"
"1472",-0.023,1000,"jump"
"1473",0.081,1000,"jump"
"1474",0.005,1000,"jump"
"1475",0.15,1000,"jump"
"1476",0.015,1000,"jump"
"1477",0.019,1000,"jump"
"1478",0.221,1000,"jump"
"1479",0.011,1000,"jump"
"1480",0.156,1000,"jump"
"1481",0.15,1000,"jump"
"1482",-0.035,1000,"jump"
"1483",-0.002,1000,"jump"
"1484",0.002,1000,"jump"
"1485",0.451,1000,"jump"
"1486",0.067,1000,"jump"
"1487",0.012,1000,"jump"
"1488",0.036,1000,"jump"
"1489",0.152,1000,"jump"
"1490",-0.017,1000,"jump"
"1491",0.014,1000,"jump"
"1492",0.173,1000,"jump"
"1493",-0.014,1000,"jump"
"1494",-0.004,1000,"jump"
"1495",0.01,1000,"jump"
"1496",-0.024,1000,"jump"
"1497",0.026,1000,"jump"
"1498",0.003,1000,"jump"
"1499",-0.002,1000,"jump"
"1500",0.004,1000,"jump"
"1501",-0.04,1000,"jump"
"1502",0.013,1000,"jump"
"1503",-0.016,1000,"jump"
"1504",-0.04,1000,"jump"
"1505",0.182,1000,"jump"
"1506",-0.007,1000,"jump"
"1507",0.225,1000,"jump"
"1508",-0.01,1000,"jump"
"1509",0.004,1000,"jump"
"1510",0.268,1000,"jump"
"1511",0.214,1000,"jump"
"1512",0.229,1000,"jump"
"1513",0.192,1000,"jump"
"1514",-0.024,1000,"jump"
"1515",0.394,1000,"jump"
"1516",0.017,1000,"jump"
"1517",0.036,1000,"jump"
"1518",-0.024,1000,"jump"
"1519",0.015,1000,"jump"
"1520",0.022,1000,"jump"
"1521",0.019,1000,"jump"
"1522",0.105,1000,"jump"
"1523",0.229,1000,"jump"
"1524",-0.008,1000,"jump"
"1525",-0.023,1000,"jump"
"1526",0.004,1000,"jump"
"1527",0.102,1000,"jump"
"1528",-0.013,1000,"jump"
"1529",0.231,1000,"jump"
"1530",-0.014,1000,"jump"
"1531",0.008,1000,"jump"
"1532",0.019,1000,"jump"
"1533",0.174,1000,"jump"
"1534",-0.028,1000,"jump"
"1535",-0.03,1000,"jump"
"1536",0.315,1000,"jump"
"1537",0.006,1000,"jump"
"1538",0.006,1000,"jump"
"1539",0.028,1000,"jump"
"1540",0.018,1000,"jump"
"1541",-0.001,1000,"jump"
"1542",0.397,1000,"jump"
"1543",-0.002,1000,"jump"
"1544",-0.005,1000,"jump"
"1545",0.022,1000,"jump"
"1546",0.016,1000,"jump"
"1547",0.028,1000,"jump"
"1548",0.011,1000,"jump"
"1549",0.175,1000,"jump"
"1550",-0.066,1000,"jump"
"1551",0.012,1000,"jump"
"1552",0,1000,"jump"
"1553",-0.023,1000,"jump"
"1554",-0.001,1000,"jump"
"1555",0.006,1000,"jump"
"1556",0.141,1000,"jump"
"1557",0.017,1000,"jump"
"1558",-0.01,1000,"jump"
"1559",0.004,1000,"jump"
"1560",0.424,1000,"jump"
"1561",0.338,1000,"jump"
"1562",0.017,1000,"jump"
"1563",0.014,1000,"jump"
"1564",-0.003,1000,"jump"
"1565",0.005,1000,"jump"
"1566",0.013,1000,"jump"
"1567",0.434,1000,"jump"
"1568",0.002,1000,"jump"
"1569",0.237,1000,"jump"
"1570",-0.025,1000,"jump"
"1571",0.365,1000,"jump"
"1572",0.205,1000,"jump"
"1573",0.151,1000,"jump"
"1574",0.156,1000,"jump"
"1575",0.138,1000,"jump"
"1576",0.13,1000,"jump"
"1577",0.008,1000,"jump"
"1578",0.441,1000,"jump"
"1579",0.015,1000,"jump"
"1580",0.013,1000,"jump"
"1581",0.013,1000,"jump"
"1582",-0.012,1000,"jump"
"1583",0.012,1000,"jump"
"1584",-0.009,1000,"jump"
"1585",0.018,1000,"jump"
"1586",0.026,1000,"jump"
"1587",0.043,1000,"jump"
"1588",0.03,1000,"jump"
"1589",0.008,1000,"jump"
"1590",-0.017,1000,"jump"
"1591",-0.021,1000,"jump"
"1592",0.012,1000,"jump"
"1593",0.004,1000,"jump"
"1594",0.011,1000,"jump"
"1595",0.032,1000,"jump"
"1596",0.009,1000,"jump"
"1597",0.234,1000,"jump"
"1598",0.228,1000,"jump"
"1599",0.003,1000,"jump"
"1600",-0.026,1000,"jump"
"1601",0.465,2000,"jump"
"1602",0.422,2000,"jump"
"1603",0.2185,2000,"jump"
"1604",0.3755,2000,"jump"
"1605",-0.0225,2000,"jump"
"1606",-0.0025,2000,"jump"
"1607",0.149,2000,"jump"
"1608",0.4265,2000,"jump"
"1609",0.129,2000,"jump"
"1610",0.0025,2000,"jump"
"1611",0.479,2000,"jump"
"1612",0.4535,2000,"jump"
"1613",0.17,2000,"jump"
"1614",-0.004,2000,"jump"
"1615",-0.001,2000,"jump"
"1616",0.465,2000,"jump"
"1617",0.1305,2000,"jump"
"1618",0.253,2000,"jump"
"1619",0.451,2000,"jump"
"1620",0.468,2000,"jump"
"1621",-0.003,2000,"jump"
"1622",-0.012,2000,"jump"
"1623",0.2205,2000,"jump"
"1624",0.011,2000,"jump"
"1625",-5e-04,2000,"jump"
"1626",0.131,2000,"jump"
"1627",0.2355,2000,"jump"
"1628",0.4595,2000,"jump"
"1629",-0.003,2000,"jump"
"1630",0.4675,2000,"jump"
"1631",0.0015,2000,"jump"
"1632",-0.002,2000,"jump"
"1633",0.2915,2000,"jump"
"1634",0.44,2000,"jump"
"1635",0.4145,2000,"jump"
"1636",0.135,2000,"jump"
"1637",0.1645,2000,"jump"
"1638",0.385,2000,"jump"
"1639",0.479,2000,"jump"
"1640",0.0025,2000,"jump"
"1641",0.0085,2000,"jump"
"1642",0.1975,2000,"jump"
"1643",0.4175,2000,"jump"
"1644",0.199,2000,"jump"
"1645",-0.0115,2000,"jump"
"1646",0.2015,2000,"jump"
"1647",0.4435,2000,"jump"
"1648",0.415,2000,"jump"
"1649",0.0035,2000,"jump"
"1650",0.4125,2000,"jump"
"1651",0.005,2000,"jump"
"1652",-0.015,2000,"jump"
"1653",0.204,2000,"jump"
"1654",0.416,2000,"jump"
"1655",0.479,2000,"jump"
"1656",0.432,2000,"jump"
"1657",0.474,2000,"jump"
"1658",0.234,2000,"jump"
"1659",-0.0155,2000,"jump"
"1660",0.362,2000,"jump"
"1661",0.1705,2000,"jump"
"1662",0.403,2000,"jump"
"1663",0.265,2000,"jump"
"1664",0.4515,2000,"jump"
"1665",0.474,2000,"jump"
"1666",0.4015,2000,"jump"
"1667",0.003,2000,"jump"
"1668",0.2155,2000,"jump"
"1669",0.466,2000,"jump"
"1670",0.4235,2000,"jump"
"1671",0.0155,2000,"jump"
"1672",0.39,2000,"jump"
"1673",0.0735,2000,"jump"
"1674",0.1805,2000,"jump"
"1675",0.2295,2000,"jump"
"1676",0.4485,2000,"jump"
"1677",0.0265,2000,"jump"
"1678",0.2625,2000,"jump"
"1679",0.431,2000,"jump"
"1680",0.246,2000,"jump"
"1681",0.2925,2000,"jump"
"1682",0.306,2000,"jump"
"1683",0.292,2000,"jump"
"1684",0.012,2000,"jump"
"1685",0.362,2000,"jump"
"1686",0.3765,2000,"jump"
"1687",0.0035,2000,"jump"
"1688",0.1975,2000,"jump"
"1689",0.0055,2000,"jump"
"1690",0.3345,2000,"jump"
"1691",0.368,2000,"jump"
"1692",0.1905,2000,"jump"
"1693",0.486,2000,"jump"
"1694",0.394,2000,"jump"
"1695",0.1635,2000,"jump"
"1696",0.206,2000,"jump"
"1697",5e-04,2000,"jump"
"1698",-0.006,2000,"jump"
"1699",0.456,2000,"jump"
"1700",0.1895,2000,"jump"
"1701",0.009,2000,"jump"
"1702",-0.012,2000,"jump"
"1703",-0.001,2000,"jump"
"1704",0.4525,2000,"jump"
"1705",0.1805,2000,"jump"
"1706",0.009,2000,"jump"
"1707",0.4115,2000,"jump"
"1708",0.0015,2000,"jump"
"1709",-0.0045,2000,"jump"
"1710",-0.0025,2000,"jump"
"1711",5e-04,2000,"jump"
"1712",0.015,2000,"jump"
"1713",0.022,2000,"jump"
"1714",0.434,2000,"jump"
"1715",0.0045,2000,"jump"
"1716",0.222,2000,"jump"
"1717",0.4705,2000,"jump"
"1718",0.003,2000,"jump"
"1719",0.397,2000,"jump"
"1720",0.36,2000,"jump"
"1721",0.2385,2000,"jump"
"1722",0.4455,2000,"jump"
"1723",0.007,2000,"jump"
"1724",0.2105,2000,"jump"
"1725",0.4585,2000,"jump"
"1726",0.136,2000,"jump"
"1727",0.455,2000,"jump"
"1728",0.4665,2000,"jump"
"1729",0.223,2000,"jump"
"1730",0.382,2000,"jump"
"1731",0.49,2000,"jump"
"1732",0.4975,2000,"jump"
"1733",0.4205,2000,"jump"
"1734",-0.0165,2000,"jump"
"1735",0.006,2000,"jump"
"1736",0.249,2000,"jump"
"1737",0.0145,2000,"jump"
"1738",0.2315,2000,"jump"
"1739",0.4295,2000,"jump"
"1740",0.0095,2000,"jump"
"1741",0.001,2000,"jump"
"1742",0.2475,2000,"jump"
"1743",0.2245,2000,"jump"
"1744",-0.0095,2000,"jump"
"1745",0.261,2000,"jump"
"1746",-0.006,2000,"jump"
"1747",0.232,2000,"jump"
"1748",0.0185,2000,"jump"
"1749",0.023,2000,"jump"
"1750",0.1865,2000,"jump"
"1751",0.003,2000,"jump"
"1752",0.4035,2000,"jump"
"1753",0.423,2000,"jump"
"1754",-0.003,2000,"jump"
"1755",0.2195,2000,"jump"
"1756",0.0185,2000,"jump"
"1757",0.1575,2000,"jump"
"1758",0.345,2000,"jump"
"1759",-0.0175,2000,"jump"
"1760",0.386,2000,"jump"
"1761",0.0085,2000,"jump"
"1762",0.3915,2000,"jump"
"1763",0.4565,2000,"jump"
"1764",-0.0015,2000,"jump"
"1765",0.2395,2000,"jump"
"1766",0.175,2000,"jump"
"1767",0.0215,2000,"jump"
"1768",-0.0135,2000,"jump"
"1769",0.432,2000,"jump"
"1770",-0.01,2000,"jump"
"1771",-0.0215,2000,"jump"
"1772",0.1985,2000,"jump"
"1773",0.0145,2000,"jump"
"1774",0.019,2000,"jump"
"1775",-0.001,2000,"jump"
"1776",-0.006,2000,"jump"
"1777",0.2015,2000,"jump"
"1778",0.356,2000,"jump"
"1779",0.157,2000,"jump"
"1780",0.219,2000,"jump"
"1781",0.021,2000,"jump"
"1782",0.3865,2000,"jump"
"1783",-0.012,2000,"jump"
"1784",0.1735,2000,"jump"
"1785",0.004,2000,"jump"
"1786",0.3995,2000,"jump"
"1787",0.017,2000,"jump"
"1788",0.4585,2000,"jump"
"1789",0.2315,2000,"jump"
"1790",0.296,2000,"jump"
"1791",0.212,2000,"jump"
"1792",0.019,2000,"jump"
"1793",0.198,2000,"jump"
"1794",0.261,2000,"jump"
"1795",0.3305,2000,"jump"
"1796",0.422,2000,"jump"
"1797",0.0065,2000,"jump"
"1798",0.4475,2000,"jump"
"1799",-0.007,2000,"jump"
"1800",0.467,2000,"jump"
"1801",0.44875,4000,"jump"
"1802",0.41625,4000,"jump"
"1803",0.39075,4000,"jump"
"1804",0.48075,4000,"jump"
"1805",0.4545,4000,"jump"
"1806",0.0055,4000,"jump"
"1807",0.48525,4000,"jump"
"1808",0.4395,4000,"jump"
"1809",0.22975,4000,"jump"
"1810",0.42825,4000,"jump"
"1811",0.46525,4000,"jump"
"1812",0.223,4000,"jump"
"1813",0.45075,4000,"jump"
"1814",0.35775,4000,"jump"
"1815",0.29925,4000,"jump"
"1816",0.4075,4000,"jump"
"1817",0.4535,4000,"jump"
"1818",0.4845,4000,"jump"
"1819",0.21175,4000,"jump"
"1820",0.21375,4000,"jump"
"1821",0.35175,4000,"jump"
"1822",0.38875,4000,"jump"
"1823",0.3885,4000,"jump"
"1824",0.46125,4000,"jump"
"1825",0.00475,4000,"jump"
"1826",0.47075,4000,"jump"
"1827",0.466,4000,"jump"
"1828",0.39575,4000,"jump"
"1829",0.43025,4000,"jump"
"1830",0.26275,4000,"jump"
"1831",0.45375,4000,"jump"
"1832",0.467,4000,"jump"
"1833",0.316,4000,"jump"
"1834",0.4385,4000,"jump"
"1835",0.21925,4000,"jump"
"1836",0.3475,4000,"jump"
"1837",0.48775,4000,"jump"
"1838",0.4535,4000,"jump"
"1839",0.43325,4000,"jump"
"1840",0.4455,4000,"jump"
"1841",0.4285,4000,"jump"
"1842",0.443,4000,"jump"
"1843",0.20075,4000,"jump"
"1844",0.46575,4000,"jump"
"1845",0.467,4000,"jump"
"1846",0.40225,4000,"jump"
"1847",0.34725,4000,"jump"
"1848",0.427,4000,"jump"
"1849",0.21475,4000,"jump"
"1850",0.383,4000,"jump"
"1851",0.16625,4000,"jump"
"1852",0.42775,4000,"jump"
"1853",0.43075,4000,"jump"
"1854",0.1555,4000,"jump"
"1855",0.35075,4000,"jump"
"1856",0.445,4000,"jump"
"1857",0.432,4000,"jump"
"1858",0.209,4000,"jump"
"1859",0.41075,4000,"jump"
"1860",-0.0045,4000,"jump"
"1861",0.4475,4000,"jump"
"1862",0.014,4000,"jump"
"1863",0.4055,4000,"jump"
"1864",0.43375,4000,"jump"
"1865",0.1965,4000,"jump"
"1866",0.36125,4000,"jump"
"1867",0.463,4000,"jump"
"1868",0.47725,4000,"jump"
"1869",0.48725,4000,"jump"
"1870",0.48325,4000,"jump"
"1871",0.46425,4000,"jump"
"1872",0.319,4000,"jump"
"1873",0.49325,4000,"jump"
"1874",0.4595,4000,"jump"
"1875",0.47525,4000,"jump"
"1876",0.47,4000,"jump"
"1877",0.4315,4000,"jump"
"1878",0.284,4000,"jump"
"1879",0.4185,4000,"jump"
"1880",0.44825,4000,"jump"
"1881",0.46125,4000,"jump"
"1882",0.464,4000,"jump"
"1883",0.43025,4000,"jump"
"1884",0.14075,4000,"jump"
"1885",0.4635,4000,"jump"
"1886",0.22,4000,"jump"
"1887",0.4425,4000,"jump"
"1888",0.01225,4000,"jump"
"1889",0.48275,4000,"jump"
"1890",0.47,4000,"jump"
"1891",0.34675,4000,"jump"
"1892",0.38725,4000,"jump"
"1893",0.47675,4000,"jump"
"1894",0.41775,4000,"jump"
"1895",0.48,4000,"jump"
"1896",0.25125,4000,"jump"
"1897",0.47275,4000,"jump"
"1898",0.148,4000,"jump"
"1899",0.40775,4000,"jump"
"1900",0.356,4000,"jump"
"1901",0.4745,4000,"jump"
"1902",0.46725,4000,"jump"
"1903",0.06475,4000,"jump"
"1904",0.00375,4000,"jump"
"1905",0.46825,4000,"jump"
"1906",0.442,4000,"jump"
"1907",0.408,4000,"jump"
"1908",0.47525,4000,"jump"
"1909",0.47075,4000,"jump"
"1910",0.4585,4000,"jump"
"1911",0.20625,4000,"jump"
"1912",0.47925,4000,"jump"
"1913",0.37375,4000,"jump"
"1914",0.004,4000,"jump"
"1915",0.22025,4000,"jump"
"1916",0.4715,4000,"jump"
"1917",0.4935,4000,"jump"
"1918",0.0035,4000,"jump"
"1919",0.427,4000,"jump"
"1920",0.404,4000,"jump"
"1921",0.42425,4000,"jump"
"1922",0.4795,4000,"jump"
"1923",0.44125,4000,"jump"
"1924",0.4395,4000,"jump"
"1925",0.47875,4000,"jump"
"1926",0.4505,4000,"jump"
"1927",0.3615,4000,"jump"
"1928",0.4735,4000,"jump"
"1929",0.4245,4000,"jump"
"1930",0.4435,4000,"jump"
"1931",0.184,4000,"jump"
"1932",0.42075,4000,"jump"
"1933",0.387,4000,"jump"
"1934",0.40175,4000,"jump"
"1935",0.40775,4000,"jump"
"1936",0.433,4000,"jump"
"1937",0.43,4000,"jump"
"1938",0.421,4000,"jump"
"1939",0.45575,4000,"jump"
"1940",0.46125,4000,"jump"
"1941",0.4425,4000,"jump"
"1942",0.47825,4000,"jump"
"1943",0.40875,4000,"jump"
"1944",0.451,4000,"jump"
"1945",0.49,4000,"jump"
"1946",0.41375,4000,"jump"
"1947",0.4775,4000,"jump"
"1948",0.4095,4000,"jump"
"1949",0.40675,4000,"jump"
"1950",0.465,4000,"jump"
"1951",0.1585,4000,"jump"
"1952",0.48775,4000,"jump"
"1953",0.46875,4000,"jump"
"1954",0.14275,4000,"jump"
"1955",0.455,4000,"jump"
"1956",0.3205,4000,"jump"
"1957",0.313,4000,"jump"
"1958",0.19725,4000,"jump"
"1959",0.412,4000,"jump"
"1960",0.2955,4000,"jump"
"1961",0.45025,4000,"jump"
"1962",0.435,4000,"jump"
"1963",0.287,4000,"jump"
"1964",0.412,4000,"jump"
"1965",0.47525,4000,"jump"
"1966",0.48325,4000,"jump"
"1967",0.48475,4000,"jump"
"1968",0.40775,4000,"jump"
"1969",0.471,4000,"jump"
"1970",0.46375,4000,"jump"
"1971",0.357,4000,"jump"
"1972",0.4635,4000,"jump"
"1973",0.4695,4000,"jump"
"1974",0.45125,4000,"jump"
"1975",0.44675,4000,"jump"
"1976",0.4725,4000,"jump"
"1977",0.3895,4000,"jump"
"1978",0.426,4000,"jump"
"1979",0.393,4000,"jump"
"1980",0.4445,4000,"jump"
"1981",-0.00375,4000,"jump"
"1982",0.16425,4000,"jump"
"1983",0.45325,4000,"jump"
"1984",0.36575,4000,"jump"
"1985",0.4155,4000,"jump"
"1986",0.40075,4000,"jump"
"1987",0.1835,4000,"jump"
"1988",0.1915,4000,"jump"
"1989",0.3675,4000,"jump"
"1990",0.3685,4000,"jump"
"1991",0.01325,4000,"jump"
"1992",0.4855,4000,"jump"
"1993",0.44675,4000,"jump"
"1994",0.46275,4000,"jump"
"1995",0.41125,4000,"jump"
"1996",0.24175,4000,"jump"
"1997",0.375,4000,"jump"
"1998",0.3905,4000,"jump"
"1999",0.44575,4000,"jump"
"2000",0.441,4000,"jump"
"2001",0.475875,8000,"jump"
"2002",0.465125,8000,"jump"
"2003",0.44325,8000,"jump"
"2004",0.4515,8000,"jump"
"2005",0.3925,8000,"jump"
"2006",0.447375,8000,"jump"
"2007",0.37275,8000,"jump"
"2008",0.42325,8000,"jump"
"2009",0.483,8000,"jump"
"2010",0.454,8000,"jump"
"2011",0.446625,8000,"jump"
"2012",0.491375,8000,"jump"
"2013",0.480875,8000,"jump"
"2014",0.47125,8000,"jump"
"2015",0.480125,8000,"jump"
"2016",0.4805,8000,"jump"
"2017",0.451375,8000,"jump"
"2018",0.392625,8000,"jump"
"2019",0.398375,8000,"jump"
"2020",0.45225,8000,"jump"
"2021",0.446,8000,"jump"
"2022",0.41075,8000,"jump"
"2023",0.418,8000,"jump"
"2024",0.3095,8000,"jump"
"2025",0.488125,8000,"jump"
"2026",0.475625,8000,"jump"
"2027",0.480875,8000,"jump"
"2028",0.43425,8000,"jump"
"2029",0.467125,8000,"jump"
"2030",0.472375,8000,"jump"
"2031",0.42425,8000,"jump"
"2032",0.456125,8000,"jump"
"2033",0.460375,8000,"jump"
"2034",0.455625,8000,"jump"
"2035",0.473125,8000,"jump"
"2036",0.454,8000,"jump"
"2037",0.444375,8000,"jump"
"2038",0.424875,8000,"jump"
"2039",0.479125,8000,"jump"
"2040",0.47625,8000,"jump"
"2041",0.412,8000,"jump"
"2042",0.494125,8000,"jump"
"2043",0.474625,8000,"jump"
"2044",0.48325,8000,"jump"
"2045",0.421625,8000,"jump"
"2046",0.47875,8000,"jump"
"2047",0.497,8000,"jump"
"2048",0.469,8000,"jump"
"2049",0.4575,8000,"jump"
"2050",0.461875,8000,"jump"
"2051",0.455625,8000,"jump"
"2052",0.489,8000,"jump"
"2053",0.478875,8000,"jump"
"2054",0.429,8000,"jump"
"2055",0.448875,8000,"jump"
"2056",0.480625,8000,"jump"
"2057",0.465375,8000,"jump"
"2058",0.486875,8000,"jump"
"2059",0.438125,8000,"jump"
"2060",0.43675,8000,"jump"
"2061",0.4905,8000,"jump"
"2062",0.46375,8000,"jump"
"2063",0.4795,8000,"jump"
"2064",0.481375,8000,"jump"
"2065",0.435625,8000,"jump"
"2066",0.488875,8000,"jump"
"2067",0.497125,8000,"jump"
"2068",0.472,8000,"jump"
"2069",0.44025,8000,"jump"
"2070",0.4525,8000,"jump"
"2071",0.479,8000,"jump"
"2072",0.459375,8000,"jump"
"2073",0.460625,8000,"jump"
"2074",0.429625,8000,"jump"
"2075",0.48375,8000,"jump"
"2076",0.473125,8000,"jump"
"2077",0.478,8000,"jump"
"2078",0.45325,8000,"jump"
"2079",0.426625,8000,"jump"
"2080",0.39925,8000,"jump"
"2081",0.459875,8000,"jump"
"2082",0.479625,8000,"jump"
"2083",0.476125,8000,"jump"
"2084",0.45,8000,"jump"
"2085",0.456875,8000,"jump"
"2086",0.46525,8000,"jump"
"2087",0.45075,8000,"jump"
"2088",0.49125,8000,"jump"
"2089",0.493875,8000,"jump"
"2090",0.471,8000,"jump"
"2091",0.366625,8000,"jump"
"2092",0.47,8000,"jump"
"2093",0.4905,8000,"jump"
"2094",0.429,8000,"jump"
"2095",0.4585,8000,"jump"
"2096",0.407,8000,"jump"
"2097",0.428,8000,"jump"
"2098",0.418625,8000,"jump"
"2099",0.243375,8000,"jump"
"2100",0.479125,8000,"jump"
"2101",0.424375,8000,"jump"
"2102",0.459625,8000,"jump"
"2103",0.477375,8000,"jump"
"2104",0.436,8000,"jump"
"2105",0.425375,8000,"jump"
"2106",0.468125,8000,"jump"
"2107",0.478125,8000,"jump"
"2108",0.48475,8000,"jump"
"2109",0.47425,8000,"jump"
"2110",0.44925,8000,"jump"
"2111",0.387125,8000,"jump"
"2112",0.464125,8000,"jump"
"2113",0.47425,8000,"jump"
"2114",0.465,8000,"jump"
"2115",0.44175,8000,"jump"
"2116",0.4925,8000,"jump"
"2117",0.492,8000,"jump"
"2118",0.478875,8000,"jump"
"2119",0.47375,8000,"jump"
"2120",0.483625,8000,"jump"
"2121",0.428625,8000,"jump"
"2122",0.49625,8000,"jump"
"2123",0.489375,8000,"jump"
"2124",0.411625,8000,"jump"
"2125",0.462625,8000,"jump"
"2126",0.48225,8000,"jump"
"2127",0.49025,8000,"jump"
"2128",0.47,8000,"jump"
"2129",0.486,8000,"jump"
"2130",0.3995,8000,"jump"
"2131",0.482625,8000,"jump"
"2132",0.462,8000,"jump"
"2133",0.430875,8000,"jump"
"2134",0.44725,8000,"jump"
"2135",0.458125,8000,"jump"
"2136",0.487625,8000,"jump"
"2137",0.457125,8000,"jump"
"2138",0.4585,8000,"jump"
"2139",0.456,8000,"jump"
"2140",0.431375,8000,"jump"
"2141",0.4645,8000,"jump"
"2142",0.4795,8000,"jump"
"2143",0.437125,8000,"jump"
"2144",0.4815,8000,"jump"
"2145",0.461375,8000,"jump"
"2146",0.479875,8000,"jump"
"2147",0.42975,8000,"jump"
"2148",0.462,8000,"jump"
"2149",0.462375,8000,"jump"
"2150",0.49275,8000,"jump"
"2151",0.469,8000,"jump"
"2152",0.470875,8000,"jump"
"2153",0.484,8000,"jump"
"2154",0.488875,8000,"jump"
"2155",0.4605,8000,"jump"
"2156",0.488125,8000,"jump"
"2157",0.49625,8000,"jump"
"2158",0.386375,8000,"jump"
"2159",0.47675,8000,"jump"
"2160",0.474,8000,"jump"
"2161",0.465375,8000,"jump"
"2162",0.469875,8000,"jump"
"2163",0.45875,8000,"jump"
"2164",0.460375,8000,"jump"
"2165",0.486375,8000,"jump"
"2166",0.46075,8000,"jump"
"2167",0.452375,8000,"jump"
"2168",0.478875,8000,"jump"
"2169",0.48575,8000,"jump"
"2170",0.48525,8000,"jump"
"2171",0.476125,8000,"jump"
"2172",0.466875,8000,"jump"
"2173",0.464,8000,"jump"
"2174",0.443125,8000,"jump"
"2175",0.476625,8000,"jump"
"2176",0.4895,8000,"jump"
"2177",0.449125,8000,"jump"
"2178",0.485125,8000,"jump"
"2179",0.454375,8000,"jump"
"2180",0.494,8000,"jump"
"2181",0.416125,8000,"jump"
"2182",0.47725,8000,"jump"
"2183",0.451,8000,"jump"
"2184",0.447875,8000,"jump"
"2185",0.470375,8000,"jump"
"2186",0.490125,8000,"jump"
"2187",0.478375,8000,"jump"
"2188",0.456375,8000,"jump"
"2189",0.40775,8000,"jump"
"2190",0.419375,8000,"jump"
"2191",0.43,8000,"jump"
"2192",0.475625,8000,"jump"
"2193",0.447875,8000,"jump"
"2194",0.40925,8000,"jump"
"2195",0.46175,8000,"jump"
"2196",0.407125,8000,"jump"
"2197",0.48875,8000,"jump"
"2198",0.492625,8000,"jump"
"2199",0.474875,8000,"jump"
"2200",0.463625,8000,"jump"
"2201",0.491125,16000,"jump"
"2202",0.489,16000,"jump"
"2203",0.45675,16000,"jump"
"2204",0.491375,16000,"jump"
"2205",0.4865625,16000,"jump"
"2206",0.4791875,16000,"jump"
"2207",0.4434375,16000,"jump"
"2208",0.4865,16000,"jump"
"2209",0.471375,16000,"jump"
"2210",0.4844375,16000,"jump"
"2211",0.480875,16000,"jump"
"2212",0.446,16000,"jump"
"2213",0.482125,16000,"jump"
"2214",0.471375,16000,"jump"
"2215",0.462375,16000,"jump"
"2216",0.4815625,16000,"jump"
"2217",0.47125,16000,"jump"
"2218",0.493125,16000,"jump"
"2219",0.496125,16000,"jump"
"2220",0.478375,16000,"jump"
"2221",0.4659375,16000,"jump"
"2222",0.4915,16000,"jump"
"2223",0.492,16000,"jump"
"2224",0.4630625,16000,"jump"
"2225",0.47625,16000,"jump"
"2226",0.4624375,16000,"jump"
"2227",0.489125,16000,"jump"
"2228",0.4699375,16000,"jump"
"2229",0.4714375,16000,"jump"
"2230",0.4525,16000,"jump"
"2231",0.4869375,16000,"jump"
"2232",0.4729375,16000,"jump"
"2233",0.4848125,16000,"jump"
"2234",0.474875,16000,"jump"
"2235",0.4574375,16000,"jump"
"2236",0.48925,16000,"jump"
"2237",0.474,16000,"jump"
"2238",0.4864375,16000,"jump"
"2239",0.4429375,16000,"jump"
"2240",0.492,16000,"jump"
"2241",0.484875,16000,"jump"
"2242",0.488375,16000,"jump"
"2243",0.4708125,16000,"jump"
"2244",0.4835625,16000,"jump"
"2245",0.4921875,16000,"jump"
"2246",0.4848125,16000,"jump"
"2247",0.4793125,16000,"jump"
"2248",0.480625,16000,"jump"
"2249",0.4611875,16000,"jump"
"2250",0.4439375,16000,"jump"
"2251",0.45775,16000,"jump"
"2252",0.4756875,16000,"jump"
"2253",0.480125,16000,"jump"
"2254",0.4640625,16000,"jump"
"2255",0.4901875,16000,"jump"
"2256",0.4815625,16000,"jump"
"2257",0.479875,16000,"jump"
"2258",0.4544375,16000,"jump"
"2259",0.4908125,16000,"jump"
"2260",0.4640625,16000,"jump"
"2261",0.4746875,16000,"jump"
"2262",0.4824375,16000,"jump"
"2263",0.4970625,16000,"jump"
"2264",0.461875,16000,"jump"
"2265",0.480125,16000,"jump"
"2266",0.393,16000,"jump"
"2267",0.4606875,16000,"jump"
"2268",0.4811875,16000,"jump"
"2269",0.48575,16000,"jump"
"2270",0.4453125,16000,"jump"
"2271",0.4560625,16000,"jump"
"2272",0.479,16000,"jump"
"2273",0.4773125,16000,"jump"
"2274",0.4514375,16000,"jump"
"2275",0.49125,16000,"jump"
"2276",0.4245,16000,"jump"
"2277",0.4626875,16000,"jump"
"2278",0.4751875,16000,"jump"
"2279",0.481125,16000,"jump"
"2280",0.491125,16000,"jump"
"2281",0.495875,16000,"jump"
"2282",0.494875,16000,"jump"
"2283",0.442375,16000,"jump"
"2284",0.48275,16000,"jump"
"2285",0.46025,16000,"jump"
"2286",0.44125,16000,"jump"
"2287",0.46225,16000,"jump"
"2288",0.488,16000,"jump"
"2289",0.4838125,16000,"jump"
"2290",0.4778125,16000,"jump"
"2291",0.4921875,16000,"jump"
"2292",0.49025,16000,"jump"
"2293",0.4631875,16000,"jump"
"2294",0.4928125,16000,"jump"
"2295",0.4905625,16000,"jump"
"2296",0.4885,16000,"jump"
"2297",0.481625,16000,"jump"
"2298",0.4820625,16000,"jump"
"2299",0.4900625,16000,"jump"
"2300",0.4724375,16000,"jump"
"2301",0.48775,16000,"jump"
"2302",0.4678125,16000,"jump"
"2303",0.492375,16000,"jump"
"2304",0.4935625,16000,"jump"
"2305",0.4903125,16000,"jump"
"2306",0.484375,16000,"jump"
"2307",0.4274375,16000,"jump"
"2308",0.4708125,16000,"jump"
"2309",0.451625,16000,"jump"
"2310",0.4645625,16000,"jump"
"2311",0.48975,16000,"jump"
"2312",0.4878125,16000,"jump"
"2313",0.4838125,16000,"jump"
"2314",0.488875,16000,"jump"
"2315",0.4810625,16000,"jump"
"2316",0.4841875,16000,"jump"
"2317",0.4813125,16000,"jump"
"2318",0.492625,16000,"jump"
"2319",0.491375,16000,"jump"
"2320",0.481625,16000,"jump"
"2321",0.480625,16000,"jump"
"2322",0.4896875,16000,"jump"
"2323",0.48275,16000,"jump"
"2324",0.4794375,16000,"jump"
"2325",0.444625,16000,"jump"
"2326",0.4216875,16000,"jump"
"2327",0.4905,16000,"jump"
"2328",0.47525,16000,"jump"
"2329",0.4776875,16000,"jump"
"2330",0.490875,16000,"jump"
"2331",0.4703125,16000,"jump"
"2332",0.4905625,16000,"jump"
"2333",0.4801875,16000,"jump"
"2334",0.4803125,16000,"jump"
"2335",0.4808125,16000,"jump"
"2336",0.4981875,16000,"jump"
"2337",0.4888125,16000,"jump"
"2338",0.488,16000,"jump"
"2339",0.496125,16000,"jump"
"2340",0.4875,16000,"jump"
"2341",0.4941875,16000,"jump"
"2342",0.48525,16000,"jump"
"2343",0.4794375,16000,"jump"
"2344",0.495,16000,"jump"
"2345",0.484125,16000,"jump"
"2346",0.474875,16000,"jump"
"2347",0.4915625,16000,"jump"
"2348",0.49275,16000,"jump"
"2349",0.494625,16000,"jump"
"2350",0.4699375,16000,"jump"
"2351",0.481,16000,"jump"
"2352",0.466125,16000,"jump"
"2353",0.4629375,16000,"jump"
"2354",0.460375,16000,"jump"
"2355",0.49375,16000,"jump"
"2356",0.4529375,16000,"jump"
"2357",0.4828125,16000,"jump"
"2358",0.4630625,16000,"jump"
"2359",0.4755,16000,"jump"
"2360",0.4910625,16000,"jump"
"2361",0.47775,16000,"jump"
"2362",0.49425,16000,"jump"
"2363",0.420625,16000,"jump"
"2364",0.4770625,16000,"jump"
"2365",0.478375,16000,"jump"
"2366",0.48075,16000,"jump"
"2367",0.455875,16000,"jump"
"2368",0.459875,16000,"jump"
"2369",0.4879375,16000,"jump"
"2370",0.4976875,16000,"jump"
"2371",0.477875,16000,"jump"
"2372",0.474625,16000,"jump"
"2373",0.4858125,16000,"jump"
"2374",0.4875625,16000,"jump"
"2375",0.499125,16000,"jump"
"2376",0.4884375,16000,"jump"
"2377",0.4515625,16000,"jump"
"2378",0.4803125,16000,"jump"
"2379",0.49225,16000,"jump"
"2380",0.49225,16000,"jump"
"2381",0.492625,16000,"jump"
"2382",0.4855625,16000,"jump"
"2383",0.4804375,16000,"jump"
"2384",0.4848125,16000,"jump"
"2385",0.486,16000,"jump"
"2386",0.4828125,16000,"jump"
"2387",0.4959375,16000,"jump"
"2388",0.4886875,16000,"jump"
"2389",0.478375,16000,"jump"
"2390",0.4739375,16000,"jump"
"2391",0.478875,16000,"jump"
"2392",0.4940625,16000,"jump"
"2393",0.4793125,16000,"jump"
"2394",0.4793125,16000,"jump"
"2395",0.4824375,16000,"jump"
"2396",0.4638125,16000,"jump"
"2397",0.4725625,16000,"jump"
"2398",0.4821875,16000,"jump"
"2399",0.488625,16000,"jump"
"2400",0.48825,16000,"jump"
